note_id,anki_level,deck_name,first_study_date,last_review_date,finnish,translation,fields
1399204142011,Young,Finnish::Phrases,2025-06-16 17:51:14,2025-06-17 16:55:57,He puhuvat suomea hyvin huonosti,Они говорят по фински очень плохо,"{""Suomi"": ""He puhuvat suomea hyvin huonosti"", ""Sound"": """", ""Explanation"": """", ""Russian"": ""Они говорят по фински очень плохо"", ""Additional"": ""очень = h.."", ""Image"": """", ""Example"": """"}"
1399204181416,Young,Finnish::Phrases,2025-06-16 17:51:41,2025-06-17 17:14:01,Ahkeruus voittaa kaiken,Усердие побеждает всё,"{""Suomi"": ""Ahkeruus voittaa kaiken"", ""Sound"": """", ""Explanation"": """", ""Russian"": ""Усердие побеждает всё"", ""Additional"": """", ""Image"": """", ""Example"": """"}"
1399207747067,Young,Finnish::Phrases,2025-06-17 17:15:37,2025-06-17 17:36:17,Kello on puoli kuusi,Время — половина шестого,"{""Suomi"": ""Kello on puoli kuusi"", ""Sound"": ""[sound:Kello on puoli kuusi.mp3]"", ""Explanation"": """", ""Russian"": ""Время — половина шестого"", ""Additional"": """", ""Image"": """", ""Example"": """"}"
1399207758015,Young,Finnish::Phrases,2025-06-17 17:15:51,2025-06-17 17:36:03,Kello on kymmenen vaille kuusi,Время — без десяти шесть,"{""Suomi"": ""Kello on kymmenen vaille kuusi"", ""Sound"": """", ""Explanation"": """", ""Russian"": ""Время — без десяти шесть"", ""Additional"": """", ""Image"": """", ""Example"": """"}"
1399207786706,Young,Finnish::Phrases,2025-06-17 17:16:05,2025-06-17 17:35:00,Kello on kymmenen yli kuusi,Время — десять [минут] седьмого,"{""Suomi"": ""Kello on kymmenen yli kuusi"", ""Sound"": """", ""Explanation"": """", ""Russian"": ""Время — десять [минут] седьмого"", ""Additional"": ""Время — десять после шести"", ""Image"": """", ""Example"": """"}"
1399207820060,Young,Finnish::Phrases,2025-06-17 17:16:19,2025-06-17 17:36:07,Kello on tasan kuusi,Время — ровно шесть,"{""Suomi"": ""Kello on tasan kuusi"", ""Sound"": ""[sound:Kello on tasan kuusi.mp3]"", ""Explanation"": """", ""Russian"": ""Время — ровно шесть"", ""Additional"": """", ""Image"": """", ""Example"": """"}"
1413471996727,Young,Finnish::Words,2025-06-19 20:48:36,2025-06-22 21:17:42,humalainen,пьяный,"{""Suomi"": ""humalainen"", ""Sound"": ""[sound:humalainen.mp3]"", ""Explanation"": """", ""Russian"": ""пьяный"", ""Additional"": """", ""Image"": ""<img src=\""humalainen.jpg\"" />"", ""Example"": """"}"
1416162861920,Young,Finnish::Words,2025-06-22 21:09:10,2025-06-24 10:15:53,reisi,бедро,"{""Suomi"": ""reisi"", ""Sound"": ""[sound:reisi.mp3]"", ""Explanation"": """", ""Russian"": ""бедро"", ""Additional"": """", ""Image"": ""<img src=\""reisi.jpg\"">"", ""Example"": """"}"
1418471664190,Relearning,Finnish::Words,2025-06-17 08:58:17,2025-07-03 09:27:06,tölkki,"банка, консервная банка","{""Suomi"": ""tölkki"", ""Sound"": ""[sound:tölkki.mp3]"", ""Explanation"": """", ""Russian"": ""банка, консервная банка"", ""Additional"": """", ""Image"": ""<img src=\""tölkki.jpg\"">"", ""Example"": """"}"
1419178041871,Young,Finnish::Words,2025-06-17 12:13:21,2025-06-19 20:48:23,päättää,"решать, решить","{""Suomi"": ""päättää"", ""Sound"": ""[sound:päättää.mp3]"", ""Explanation"": """", ""Russian"": ""решать, решить"", ""Additional"": """", ""Image"": """", ""Example"": """"}"
1424205804573,Young,Finnish::Words,2025-06-17 09:00:13,2025-06-17 09:06:25,tuhota,разгромить,"{""Suomi"": ""tuhota"", ""Sound"": ""[sound:tuhota.mp3]"", ""Explanation"": """", ""Russian"": ""разгромить"", ""Additional"": """", ""Image"": ""<img src=\""tuhota.gif\"" />"", ""Example"": """"}"
1424206536668,Young,Finnish::Words,2025-06-17 09:00:47,2025-06-22 21:14:33,haastaa,бросать вызов,"{""Suomi"": ""haastaa"", ""Sound"": ""[sound:haastaa.mp3]"", ""Explanation"": """", ""Russian"": ""бросать вызов"", ""Additional"": ""..."", ""Image"": """", ""Example"": """"}"
1428053031967,Relearning,Finnish::Words,2025-06-18 14:04:52,2025-07-03 09:38:38,penkoa,"рыться, искать, разузнавать, обыскивать","{""Suomi"": ""penkoa"", ""Sound"": """", ""Explanation"": ""<strong>to rummage</strong>, <strong>to dig through</strong>, or <strong>to search through messily</strong>"", ""Russian"": ""рыться, искать, разузнавать, обыскивать"", ""Additional"": """", ""Image"": """", ""Example"": ""Penkoa vaatekaappia (To rummage through a wardrobe)""}"
1428316106586,Young,Finnish::Phrases,2025-06-16 17:32:17,2025-06-17 17:35:12,pyörimisakseli,"ось, ось вращения","{""Suomi"": ""pyörimisakseli"", ""Sound"": ""[sound:pyörimisakseli.mp3]"", ""Explanation"": """", ""Russian"": ""ось, ось вращения"", ""Additional"": """", ""Image"": ""<img src=\""pyörimisakseli.jpg\"" />"", ""Example"": """"}"
1428728703215,Relearning,Finnish::Words,2025-06-16 17:39:15,2025-07-03 09:27:13,muoto,"форма, вид, состояние","{""Suomi"": ""muoto"", ""Sound"": ""[sound:muoto.mp3]"", ""Explanation"": """", ""Russian"": ""форма, вид, состояние"", ""Additional"": """", ""Image"": """", ""Example"": """"}"
1429469501807,Relearning,Finnish::Words,2025-06-16 17:35:18,2025-07-03 09:31:32,keikka,"музыкальное представление, выступление, концерт","{""Suomi"": ""keikka"", ""Sound"": ""[sound:keikka.mp3]"", ""Explanation"": """", ""Russian"": ""музыкальное представление, выступление, концерт"", ""Additional"": ""в клубе, рок-концерт, не классический концерт"", ""Image"": """", ""Example"": """"}"
1433268896639,Relearning,Finnish::Words,2025-06-17 08:58:39,2025-07-03 09:35:38,upota,тонуть,"{""Suomi"": ""upota"", ""Sound"": ""[sound:upota.mp3]"", ""Explanation"": """", ""Russian"": ""тонуть"", ""Additional"": """", ""Image"": """", ""Example"": """"}"
1436380042994,Relearning,Finnish::Words,2025-06-16 17:32:34,2025-07-03 09:38:42,puskuri,бампер,"{""Suomi"": ""puskuri"", ""Sound"": ""[sound:puskuri.mp3]"", ""Explanation"": """", ""Russian"": ""бампер"", ""Additional"": """", ""Image"": ""<img src=\""puskuri.jpg\"">"", ""Example"": """"}"
1436706106406,Relearning,Finnish::Words,2025-06-17 09:01:00,2025-07-03 09:37:03,sivuuttaa,"пренебрегать, игнорировать","{""Suomi"": ""sivuuttaa"", ""Sound"": ""[sound:sivuuttaa.mp3]"", ""Explanation"": """", ""Russian"": ""пренебрегать, игнорировать"", ""Additional"": """", ""Image"": ""<img src=\""sivuuttaa.jpg\"" />"", ""Example"": """"}"
1441132596134,Relearning,Finnish::Words,2025-06-18 16:46:45,2025-07-03 09:27:23,ulkoiluttaa,выгуливать,"{""Suomi"": ""ulkoiluttaa"", ""Sound"": ""[sound:ulkoiluttaa.mp3]"", ""Explanation"": ""ulko (outside) + ilma (weather) + uttaa (make someone do something)"", ""Russian"": ""выгуливать"", ""Additional"": """", ""Image"": ""<img src=\""ulkoiluttaa.jpg\"">"", ""Example"": ""Minun täytyy ulkoiluttaa koira ennen töitä""}"
1441728538896,Young,Finnish::Words,2025-06-17 08:55:56,2025-06-19 20:44:20,muodikas,модный,"{""Suomi"": ""muodikas"", ""Sound"": ""[sound:muodikas.mp3]"", ""Explanation"": """", ""Russian"": ""модный"", ""Additional"": """", ""Image"": """", ""Example"": """"}"
1445765611707,Young,Finnish::Words,2025-06-16 17:33:16,2025-06-17 08:56:29,noutaa,"забрать, принести","{""Suomi"": ""noutaa"", ""Sound"": ""[sound:noutaa.mp3]"", ""Explanation"": """", ""Russian"": ""забрать, принести"", ""Additional"": """", ""Image"": """", ""Example"": ""Linia-auto noutaa meidät asemalle""}"
1447607880048,Young,Finnish::Words,2025-06-16 17:32:51,2025-06-22 21:11:33,valua,"лить, течь, катиться","{""Suomi"": ""valua"", ""Sound"": ""[sound:valua.mp3]"", ""Explanation"": """", ""Russian"": ""лить, течь, катиться"", ""Additional"": """", ""Image"": """", ""Example"": """"}"
1447620265602,Relearning,Finnish::Words,2025-06-16 17:41:08,2025-07-03 09:35:09,huokea,"дешевый, недорогой, доступный","{""Suomi"": ""huokea"", ""Sound"": ""[sound:huokea.mp3]"", ""Explanation"": """", ""Russian"": ""дешевый, недорогой, доступный"", ""Additional"": """", ""Image"": """", ""Example"": """"}"
1447962361790,Relearning,Finnish::Words,2025-06-16 17:41:15,2025-07-03 09:29:18,säkki,мешок,"{""Suomi"": ""säkki"", ""Sound"": ""[sound:säkki.mp3]"", ""Explanation"": """", ""Russian"": ""мешок"", ""Additional"": """", ""Image"": ""<img src=\""säkki.png\"" />"", ""Example"": """"}"
1451939143543,Learning,Finnish::Words,2025-07-03 09:35:49,2025-07-03 09:38:15,edustaa,представлять,"{""Suomi"": ""edustaa"", ""Sound"": ""[sound:edustaa.mp3]"", ""Explanation"": """", ""Russian"": ""представлять"", ""Additional"": ""выступать от лица (представлять фирму), представлять нового человека, edu.."", ""Image"": ""<img src=\""edustaa.jpg\"" />"", ""Example"": ""<div>Hän edustaa minua kokouksessa.<br />Hän edustaa yritystämme hyvin.</div>""}"
1452800642336,Young,Finnish::Words,2025-06-17 08:56:17,2025-06-22 21:13:56,heilua,"трястись, шататься, качаться","{""Suomi"": ""heilua"", ""Sound"": ""[sound:heilua.mp3]"", ""Explanation"": """", ""Russian"": ""трястись, шататься, качаться"", ""Additional"": """", ""Image"": """", ""Example"": """"}"
1453670714463,Young,Finnish::Words,2025-06-19 20:46:24,2025-06-22 21:25:57,kyyti,подвоз,"{""Suomi"": ""kyyti"", ""Sound"": ""[sound:kyyti.mp3]"", ""Explanation"": """", ""Russian"": ""подвоз"", ""Additional"": """", ""Image"": """", ""Example"": """"}"
1454761860102,Learning,Finnish::Words,2025-06-22 21:26:37,2025-07-03 09:36:28,kielteinen,"отрицательный, негативный","{""Suomi"": ""kielteinen"", ""Sound"": ""[sound:kielteinen.mp3]"", ""Explanation"": """", ""Russian"": ""отрицательный, негативный"", ""Additional"": """", ""Image"": """", ""Example"": """"}"
1456686661421,Young,Finnish::Words,2025-06-17 08:56:02,2025-07-03 09:37:17,ruumiillinen,"телесный, физический","{""Suomi"": ""ruumiillinen"", ""Sound"": ""[sound:ruumiillinen.mp3]"", ""Explanation"": """", ""Russian"": ""телесный, физический"", ""Additional"": """", ""Image"": """", ""Example"": """"}"
1472494309096,Young,Finnish::Words,2025-06-17 09:01:58,2025-06-22 21:09:38,viiru,"царапина, полоска","{""Suomi"": ""viiru"", ""Sound"": ""[sound:viiru.mp3]"", ""Explanation"": """", ""Russian"": ""царапина, полоска"", ""Additional"": """", ""Image"": """", ""Example"": """"}"
1479647529200,Young,Finnish::Words,2025-06-22 21:13:27,2025-06-22 21:24:14,lantio,таз (часть тела),"{""Suomi"": ""lantio"", ""Sound"": ""[sound:lantio.mp3]"", ""Explanation"": """", ""Russian"": ""таз (часть тела)"", ""Additional"": """", ""Image"": """", ""Example"": """"}"
1486806409082,Young,Finnish::Words,2025-06-19 20:44:11,2025-06-22 21:16:48,kyynel,"слеза, слезинка","{""Suomi"": ""kyynel"", ""Sound"": ""[sound:kyynel.mp3]"", ""Explanation"": """", ""Russian"": ""слеза, слезинка"", ""Additional"": """", ""Image"": """", ""Example"": """"}"
1486806862755,Young,Finnish::Words,2025-06-16 17:40:31,2025-07-03 09:27:46,iäkäs,"пожилой, в возрасте","{""Suomi"": ""iäkäs"", ""Sound"": ""[sound:iäkäs.mp3]"", ""Explanation"": """", ""Russian"": ""пожилой, в возрасте"", ""Additional"": """", ""Image"": """", ""Example"": """"}"
1488099318852,Learning,Finnish::Words,2025-07-03 09:37:42,2025-07-03 09:37:42,haaskata,"транжирить, разбазаривать","{""Suomi"": ""haaskata"", ""Sound"": ""[sound:haaskata.mp3]"", ""Explanation"": """", ""Russian"": ""транжирить, разбазаривать"", ""Additional"": """", ""Image"": ""<img src=\""haaskata2.jpg\"" />"", ""Example"": ""<div>Älä haaskaa aikaasi siihen tyttöön!</div>""}"
1490299824904,Young,Finnish::Words,2025-06-19 20:26:21,2025-06-22 21:15:42,suosio,"благосклонность, популярность","{""Suomi"": ""suosio"", ""Sound"": ""[sound:suosio.mp3]"", ""Explanation"": """", ""Russian"": ""благосклонность, популярность"", ""Additional"": """", ""Image"": """", ""Example"": ""Bändi on saavuttanut valtavan suosion sosiaalisessa mediassa""}"
1491153666325,Learning,Finnish::Words,2025-07-03 09:36:43,2025-07-03 09:37:58,alttius,уязвимость,"{""Suomi"": ""alttius"", ""Sound"": ""[sound:alttius.mp3]"", ""Explanation"": """", ""Russian"": ""уязвимость"", ""Additional"": """", ""Image"": """", ""Example"": """"}"
1491154609894,Relearning,Finnish::Words,2025-06-17 08:56:52,2025-07-03 09:36:55,avustaminen,"помощь, вклад","{""Suomi"": ""avustaminen"", ""Sound"": ""[sound:avustaminen.mp3]"", ""Explanation"": """", ""Russian"": ""помощь, вклад"", ""Additional"": """", ""Image"": """", ""Example"": """"}"
1492149394194,Relearning,Finnish::Words,2025-06-16 17:49:33,2025-07-03 09:36:35,äskettäin,недавно,"{""Suomi"": ""äskettäin"", ""Sound"": ""[sound:äskettäin.mp3]"", ""Explanation"": """", ""Russian"": ""недавно"", ""Additional"": """", ""Image"": """", ""Example"": ""Yritys palkkasi äskettäin uuden toimitusjohtajan""}"
1498497617461,Young,Finnish::Words,2025-06-16 17:32:41,2025-06-22 21:08:22,taannoin,"недавно, в последнее время","{""Suomi"": ""taannoin"", ""Sound"": """", ""Explanation"": """", ""Russian"": ""недавно, в последнее время"", ""Additional"": """", ""Image"": """", ""Example"": """"}"
1498500132866,Relearning,Finnish::Words,2025-06-17 08:59:50,2025-07-03 09:36:03,murhaaja,убийца,"{""Suomi"": ""murhaaja"", ""Sound"": ""[sound:murhaaja.mp3]"", ""Explanation"": """", ""Russian"": ""убийца"", ""Additional"": """", ""Image"": """", ""Example"": """"}"
1649593536386,Young,Finnish::Suomen Mestari 1,2025-06-18 17:09:00,2025-06-22 10:06:19,Hei!,Привет!,"{""Nominatiivi"": ""Hei!"", ""Sound"": ""[sound:fi_sm1_nom_0.mp3]"", ""Back"": ""Привет!"", ""Hint"": ""H..."", ""example_1_fin"": """", ""sound_example_1"": """", ""example_1_rus"": """", ""example_2_fin"": """", ""sound_example_2"": """", ""example_2_rus"": """"}"
1649593536387,Young,Finnish::Suomen Mestari 1,2025-06-18 17:07:59,2025-06-23 09:40:26,ja,и,"{""Nominatiivi"": ""ja"", ""Sound"": ""[sound:fi_sm1_nom_1.mp3]"", ""Back"": ""и"", ""Hint"": ""j..."", ""example_1_fin"": """", ""sound_example_1"": """", ""example_1_rus"": """", ""example_2_fin"": """", ""sound_example_2"": """", ""example_2_rus"": """"}"
1649593536388,Young,Finnish::Suomen Mestari 1,2025-06-18 17:09:22,2025-06-26 09:49:59,Tervetuloa,Добро пожаловать!,"{""Nominatiivi"": ""Tervetuloa"", ""Sound"": ""[sound:fi_sm1_nom_2.mp3]"", ""Back"": ""Добро пожаловать!"", ""Hint"": ""T..."", ""example_1_fin"": """", ""sound_example_1"": """", ""example_1_rus"": """", ""example_2_fin"": """", ""sound_example_2"": """", ""example_2_rus"": """"}"
1649593536389,Young,Finnish::Suomen Mestari 1,2025-06-18 17:08:08,2025-06-23 09:41:02,Moi!,Привет!,"{""Nominatiivi"": ""Moi!"", ""Sound"": ""[sound:fi_sm1_nom_3.mp3]"", ""Back"": ""Привет!"", ""Hint"": ""m..."", ""example_1_fin"": ""<b><i>Moi</i></b> Niina, onko tässä vielä vapaata?"", ""sound_example_1"": ""[sound:fi_sm1_ex3_3.mp3]"", ""example_1_rus"": ""<b><i>Привет</i></b> Ниина, тут еще свободно?"", ""example_2_fin"": """", ""sound_example_2"": """", ""example_2_rus"": """"}"
1649593536390,Young,Finnish::Suomen Mestari 1,2025-06-18 17:08:17,2025-06-23 09:41:11,Anteeksi!,"извините, прошу прощения","{""Nominatiivi"": ""Anteeksi!"", ""Sound"": ""[sound:fi_sm1_nom_4.mp3]"", ""Back"": ""извините, прошу прощения"", ""Hint"": ""a..."", ""example_1_fin"": ""<b><i>Anteeksi</i></b>, tiedätkö, missä on Mariankatu?"", ""sound_example_1"": ""[sound:fi_sm1_ex3_4.mp3]"", ""example_1_rus"": ""<b><i>Прошу прощения</i></b>, знаешь, где Марианкату?&nbsp;"", ""example_2_fin"": """", ""sound_example_2"": """", ""example_2_rus"": """"}"
1649593536391,Young,Finnish::Suomen Mestari 1,2025-06-18 17:08:20,2025-06-23 09:41:26,joo,да,"{""Nominatiivi"": ""joo"", ""Sound"": ""[sound:fi_sm1_nom_5.mp3]"", ""Back"": ""да"", ""Hint"": ""j..."", ""example_1_fin"": """", ""sound_example_1"": """", ""example_1_rus"": """", ""example_2_fin"": """", ""sound_example_2"": """", ""example_2_rus"": """"}"
1649593536392,Young,Finnish::Suomen Mestari 1,2025-06-18 17:08:27,2025-06-23 09:41:43,minä (pronomini),я,"{""Nominatiivi"": ""minä (<i>pronomini</i>)"", ""Sound"": ""[sound:fi_sm1_nom_6.mp3]"", ""Back"": ""я"", ""Hint"": ""m..."", ""example_1_fin"": ""<span style=\""font-family: 'Liberation Sans'\""><b><i>Minä</i></b> en puhu suomea.</span>"", ""sound_example_1"": ""[sound:fi_sm1_ex3_6.mp3]"", ""example_1_rus"": ""<b><i>Я</i></b> не говорю по-фински."", ""example_2_fin"": """", ""sound_example_2"": """", ""example_2_rus"": """"}"
1649593536393,Young,Finnish::Suomen Mestari 1,2025-06-18 17:08:33,2025-06-23 09:45:47,entä,"..., а ...","{""Nominatiivi"": ""entä"", ""Sound"": ""[sound:fi_sm1_nom_7.mp3]"", ""Back"": ""..., а ..."", ""Hint"": ""e..."", ""example_1_fin"": ""Minä olen Alex.&nbsp;<span style=\""font-family: 'Liberation Sans'\""><b><i>Entä</i></b> sinulle?</span>"", ""sound_example_1"": ""[sound:fi_sm1_ex3_7.mp3]"", ""example_1_rus"": ""Меня зовут Алекс. <b><i>А</i></b> тебя?"", ""example_2_fin"": """", ""sound_example_2"": """", ""example_2_rus"": """"}"
1649593536394,Young,Finnish::Suomen Mestari 1,2025-06-18 17:08:37,2025-06-23 09:45:59,sinä,ты,"{""Nominatiivi"": ""sinä"", ""Sound"": ""[sound:fi_sm1_nom_8.mp3]"", ""Back"": ""ты"", ""Hint"": ""s..."", ""example_1_fin"": ""<span style=\""font-family: 'Liberation Sans'\""><b><i>Sinä</i></b> et puhu englantia.</span>"", ""sound_example_1"": ""[sound:fi_sm1_ex3_8.mp3]"", ""example_1_rus"": ""<b><i>Ты</i></b> не говоришь по-английски."", ""example_2_fin"": """", ""sound_example_2"": """", ""example_2_rus"": """"}"
1649593536395,Young,Finnish::Suomen Mestari 1,2025-06-18 17:08:39,2025-06-23 09:40:33,Hauska tutustua!,Приятно познакомиться!,"{""Nominatiivi"": ""Hauska tutustua!"", ""Sound"": ""[sound:fi_sm1_nom_9.mp3]"", ""Back"": ""Приятно познакомиться!"", ""Hint"": ""h..."", ""example_1_fin"": """", ""sound_example_1"": """", ""example_1_rus"": """", ""example_2_fin"": """", ""sound_example_2"": """", ""example_2_rus"": """"}"
1649593536396,Young,Finnish::Suomen Mestari 1,2025-06-19 10:14:03,2025-06-23 09:42:48,Minulle kuuluu hyvää.,У меня все хорошо.,"{""Nominatiivi"": ""Minulle kuuluu hyvää."", ""Sound"": ""[sound:fi_sm1_nom_10.mp3]"", ""Back"": ""У меня все хорошо."", ""Hint"": ""M..."", ""example_1_fin"": """", ""sound_example_1"": """", ""example_1_rus"": """", ""example_2_fin"": """", ""sound_example_2"": """", ""example_2_rus"": """"}"
1649593536397,Young,Finnish::Suomen Mestari 1,2025-06-19 10:16:28,2025-07-01 09:23:40,"Ihan hyvää, kiitos.","Достаточно неплохо, спасибо.","{""Nominatiivi"": ""Ihan hyvää, kiitos."", ""Sound"": ""[sound:fi_sm1_nom_11.mp3]"", ""Back"": ""Достаточно неплохо, спасибо."", ""Hint"": ""i..."", ""example_1_fin"": """", ""sound_example_1"": """", ""example_1_rus"": """", ""example_2_fin"": """", ""sound_example_2"": """", ""example_2_rus"": """"}"
1649593536398,Young,Finnish::Suomen Mestari 1,2025-06-19 10:14:24,2025-06-24 10:09:59,hän,он/она,"{""Nominatiivi"": ""hän"", ""Sound"": ""[sound:fi_sm1_nom_12.mp3]"", ""Back"": ""он/она"", ""Hint"": ""h..."", ""example_1_fin"": ""Tänään on kaunis ilma ja <b><i>hän</i></b> haluaa kävellä."", ""sound_example_1"": ""[sound:fi_sm1_ex3_12.mp3]"", ""example_1_rus"": ""Сегодня прекрасная погода и <b><i>она</i></b> хочет пройтись пешком."", ""example_2_fin"": """", ""sound_example_2"": """", ""example_2_rus"": """"}"
1649593536399,Young,Finnish::Suomen Mestari 1,2025-06-19 10:14:30,2025-06-24 10:10:18,opettaja,"учитель, преподаватель","{""Nominatiivi"": ""opettaja"", ""Sound"": ""[sound:fi_sm1_nom_13.mp3]"", ""Back"": ""учитель, преподаватель"", ""Hint"": ""o..."", ""example_1_fin"": ""Kesällä <b><i>opettajat</i></b> eivät ole töissä."", ""sound_example_1"": ""[sound:fi_sm1_ex3_13.mp3]"", ""example_1_rus"": ""Летом <b><i>преподаватели</i></b> не работают."", ""example_2_fin"": """", ""sound_example_2"": """", ""example_2_rus"": """"}"
1649593536400,Mature,Finnish::Suomen Mestari 1,2025-06-19 10:14:47,2025-07-02 10:07:38,tulla,"приходить, приезжать","{""Nominatiivi"": ""tulla"", ""Sound"": ""[sound:fi_sm1_nom_14.mp3]"", ""Back"": ""приходить, приезжать"", ""Hint"": ""t..."", ""example_1_fin"": ""Voin <b><i>tulla</i></b> huomenna&nbsp;aamulla kello 8."", ""sound_example_1"": ""[sound:fi_sm1_ex3_14.mp3]"", ""example_1_rus"": ""Могу <b><i>прийти</i></b>&nbsp;завтра&nbsp;утром, в 8 часов."", ""example_2_fin"": """", ""sound_example_2"": """", ""example_2_rus"": """"}"
1649593536401,Young,Finnish::Suomen Mestari 1,2025-06-19 10:14:53,2025-06-24 10:12:08,Huomenta!,Доброе утро!,"{""Nominatiivi"": ""Huomenta!"", ""Sound"": ""[sound:fi_sm1_nom_15.mp3]"", ""Back"": ""Доброе утро!"", ""Hint"": ""h..."", ""example_1_fin"": """", ""sound_example_1"": """", ""example_1_rus"": """", ""example_2_fin"": """", ""sound_example_2"": """", ""example_2_rus"": """"}"
1649593536402,Young,Finnish::Suomen Mestari 1,2025-06-19 10:14:58,2025-06-24 10:05:15,etunimi,имя,"{""Nominatiivi"": ""etunimi"", ""Sound"": ""[sound:fi_sm1_nom_16.mp3]"", ""Back"": ""имя"", ""Hint"": ""e..."", ""example_1_fin"": """", ""sound_example_1"": """", ""example_1_rus"": """", ""example_2_fin"": """", ""sound_example_2"": """", ""example_2_rus"": """"}"
1649593536403,Young,Finnish::Suomen Mestari 1,2025-06-19 10:15:01,2025-06-24 10:08:41,sukunimi,фамилия,"{""Nominatiivi"": ""sukunimi"", ""Sound"": ""[sound:fi_sm1_nom_17.mp3]"", ""Back"": ""фамилия"", ""Hint"": ""s..."", ""example_1_fin"": ""Minun <i><b>sukunimi</b></i> on Koskela."", ""sound_example_1"": ""[sound:fi_sm1_ex3_17.mp3]"", ""example_1_rus"": ""Моя <b><i>фамилия</i></b> Коскела"", ""example_2_fin"": """", ""sound_example_2"": """", ""example_2_rus"": """"}"
1649593536404,Young,Finnish::Suomen Mestari 1,2025-06-19 10:15:05,2025-06-24 10:05:10,Hyvää iltaa!,Добрый вечер!,"{""Nominatiivi"": ""Hyvää iltaa!"", ""Sound"": ""[sound:fi_sm1_nom_18.mp3]"", ""Back"": ""Добрый вечер!"", ""Hint"": ""h..."", ""example_1_fin"": """", ""sound_example_1"": """", ""example_1_rus"": """", ""example_2_fin"": """", ""sound_example_2"": """", ""example_2_rus"": """"}"
1649593536405,Young,Finnish::Suomen Mestari 1,2025-06-19 10:15:10,2025-06-24 10:04:53,Hyvää yötä!,Доброй ночи!,"{""Nominatiivi"": ""Hyvää yötä!"", ""Sound"": ""[sound:fi_sm1_nom_19.mp3]"", ""Back"": ""Доброй ночи!"", ""Hint"": ""h..."", ""example_1_fin"": ""Yhdeksältä sanomme \""<b><i>hyvää yötä</i></b>\"" ja lapset menevät nukkumaan."", ""sound_example_1"": ""[sound:fi_sm1_ex3_19.mp3]"", ""example_1_rus"": ""В одиннадцать часов мы говорим \""<b><i>д<span style=\""font-family: Arial\"">оброй</span>&nbsp;ночи</i></b>\"" и дети идут спать."", ""example_2_fin"": """", ""sound_example_2"": """", ""example_2_rus"": """"}"
1649593536406,Young,Finnish::Suomen Mestari 1,2025-06-20 09:23:54,2025-06-24 10:05:20,Nuku hyvin!,Приятных снов!,"{""Nominatiivi"": ""Nuku hyvin!"", ""Sound"": ""[sound:fi_sm1_nom_20.mp3]"", ""Back"": ""Приятных снов!"", ""Hint"": ""n..."", ""example_1_fin"": """", ""sound_example_1"": """", ""example_1_rus"": """", ""example_2_fin"": """", ""sound_example_2"": """", ""example_2_rus"": """"}"
1649593536407,Mature,Finnish::Suomen Mestari 1,2025-06-20 09:24:02,2025-06-26 09:37:18,Terve!,Здорово!,"{""Nominatiivi"": ""Terve!"", ""Sound"": ""[sound:fi_sm1_nom_21.mp3]"", ""Back"": ""Здор<b><i>о</i></b>во!"", ""Hint"": ""t..."", ""example_1_fin"": ""<b><i>Terve</i></b> Pedro, Alex täällä."", ""sound_example_1"": ""[sound:fi_sm1_ex3_21.mp3]"", ""example_1_rus"": ""<b style=\""font-style: italic;\"">Здор</b>о<b style=\""font-style: italic;\"">во</b>&nbsp;Педро, это Алекс.&nbsp;"", ""example_2_fin"": """", ""sound_example_2"": """", ""example_2_rus"": """"}"
1649593536408,Young,Finnish::Suomen Mestari 1,2025-06-20 09:24:18,2025-06-24 10:10:43,Näkemiin!,До свидания!,"{""Nominatiivi"": ""Näkemiin!"", ""Sound"": ""[sound:fi_sm1_nom_22.mp3]"", ""Back"": ""До свидания!"", ""Hint"": ""N..."", ""example_1_fin"": """", ""sound_example_1"": """", ""example_1_rus"": """", ""example_2_fin"": """", ""sound_example_2"": """", ""example_2_rus"": """"}"
1649593536409,Young,Finnish::Suomen Mestari 1,2025-06-20 09:24:24,2025-06-26 09:50:37,Ei se mitään!,Это ничего! (ничего страшного),"{""Nominatiivi"": ""Ei se mitään!"", ""Sound"": ""[sound:fi_sm1_nom_23.mp3]"", ""Back"": ""Это ничего! (ничего страшного)"", ""Hint"": ""e..."", ""example_1_fin"": """", ""sound_example_1"": """", ""example_1_rus"": """", ""example_2_fin"": """", ""sound_example_2"": """", ""example_2_rus"": """"}"
1649593536410,Young,Finnish::Suomen Mestari 1,2025-06-20 09:24:29,2025-06-26 09:39:02,Ole hyvä!,Пожалуйста!,"{""Nominatiivi"": ""Ole hyvä!"", ""Sound"": ""[sound:fi_sm1_nom_24.mp3]"", ""Back"": ""Пожалуйста!"", ""Hint"": ""o..."", ""example_1_fin"": """", ""sound_example_1"": """", ""example_1_rus"": """", ""example_2_fin"": """", ""sound_example_2"": """", ""example_2_rus"": """"}"
1649593536411,Young,Finnish::Suomen Mestari 1,2025-06-20 09:32:18,2025-06-26 09:38:16,kiitos,спасибо,"{""Nominatiivi"": ""kiitos"", ""Sound"": ""[sound:fi_sm1_nom_25.mp3]"", ""Back"": ""спасибо"", ""Hint"": ""k..."", ""example_1_fin"": ""<span style=\""font-family: 'Liberation Sans'\""><b><i>Kiitos</i></b> samoin!</span>"", ""sound_example_1"": ""[sound:fi_sm1_ex3_25.mp3]"", ""example_1_rus"": ""<span style=\""font-family: Arial\"">Вам также <b><i>спасибо</i></b>!</span>"", ""example_2_fin"": """", ""sound_example_2"": """", ""example_2_rus"": """"}"
1649593536412,Young,Finnish::Suomen Mestari 1,2025-06-20 09:24:49,2025-06-26 09:50:21,maanantai,понедельник,"{""Nominatiivi"": ""maanantai"", ""Sound"": ""[sound:fi_sm1_nom_26.mp3]"", ""Back"": ""понедельник"", ""Hint"": ""m..."", ""example_1_fin"": """", ""sound_example_1"": """", ""example_1_rus"": """", ""example_2_fin"": """", ""sound_example_2"": """", ""example_2_rus"": """"}"
1649593536413,Young,Finnish::Suomen Mestari 1,2025-06-20 09:29:03,2025-06-26 09:36:38,tiistai,вторник,"{""Nominatiivi"": ""tiistai"", ""Sound"": ""[sound:fi_sm1_nom_27.mp3]"", ""Back"": ""вторник"", ""Hint"": ""t..."", ""example_1_fin"": ""Kalle ja Peter pelaavat jalkapalloa <b><i>tiistaisin</i></b>."", ""sound_example_1"": ""[sound:fi_sm1_ex3_27.mp3]"", ""example_1_rus"": ""Калле и Петер играют в футбол <b><i>по вторникам</i></b>."", ""example_2_fin"": """", ""sound_example_2"": """", ""example_2_rus"": """"}"
1649593536414,Young,Finnish::Suomen Mestari 1,2025-06-20 09:29:07,2025-06-24 10:07:34,keskiviikko,среда,"{""Nominatiivi"": ""keskiviikko"", ""Sound"": ""[sound:fi_sm1_nom_28.mp3]"", ""Back"": ""среда"", ""Hint"": ""k..."", ""example_1_fin"": """", ""sound_example_1"": """", ""example_1_rus"": """", ""example_2_fin"": """", ""sound_example_2"": """", ""example_2_rus"": """"}"
1649593536415,Young,Finnish::Suomen Mestari 1,2025-06-20 09:33:14,2025-06-24 10:09:22,torstai,четверг,"{""Nominatiivi"": ""torstai"", ""Sound"": ""[sound:fi_sm1_nom_29.mp3]"", ""Back"": ""четверг"", ""Hint"": ""t..."", ""example_1_fin"": """", ""sound_example_1"": """", ""example_1_rus"": """", ""example_2_fin"": """", ""sound_example_2"": """", ""example_2_rus"": """"}"
1649593536416,Young,Finnish::Suomen Mestari 1,2025-06-21 10:10:41,2025-06-26 09:55:24,perjantai,пятница,"{""Nominatiivi"": ""perjantai"", ""Sound"": ""[sound:fi_sm1_nom_30.mp3]"", ""Back"": ""пятница"", ""Hint"": ""p..."", ""example_1_fin"": """", ""sound_example_1"": """", ""example_1_rus"": """", ""example_2_fin"": """", ""sound_example_2"": """", ""example_2_rus"": """"}"
1649593536417,Young,Finnish::Suomen Mestari 1,2025-06-21 10:10:55,2025-06-26 09:52:56,lauantai,суббота,"{""Nominatiivi"": ""lauantai"", ""Sound"": ""[sound:fi_sm1_nom_31.mp3]"", ""Back"": ""суббота"", ""Hint"": ""l..."", ""example_1_fin"": ""Eilen oli&nbsp;<b><i>lauantai</i></b> ja kaunis ilma."", ""sound_example_1"": ""[sound:fi_sm1_ex3_31.mp3]"", ""example_1_rus"": ""Вчера была <b><i>суббота</i></b> и прекрасная погода."", ""example_2_fin"": """", ""sound_example_2"": """", ""example_2_rus"": """"}"
1649593536418,Young,Finnish::Suomen Mestari 1,2025-06-21 10:11:22,2025-06-26 09:52:05,sunnuntai,воскресенье,"{""Nominatiivi"": ""sunnuntai"", ""Sound"": ""[sound:fi_sm1_nom_32.mp3]"", ""Back"": ""воскресенье"", ""Hint"": ""s..."", ""example_1_fin"": ""Joskus <b><i>sunnuntaisin</i></b> rouva Wigren syö aapupalaa ravintolassa."", ""sound_example_1"": ""[sound:fi_sm1_ex3_32.mp3]"", ""example_1_rus"": ""Иногда <i><b>по воскресеньям</b></i> госпожа Вигрен завтракает в ресторане."", ""example_2_fin"": """", ""sound_example_2"": """", ""example_2_rus"": """"}"
1649593536419,Young,Finnish::Suomen Mestari 1,2025-06-21 10:11:52,2025-06-26 09:49:17,viikonloppu,выходные,"{""Nominatiivi"": ""viikonloppu"", ""Sound"": ""[sound:fi_sm1_nom_33.mp3]"", ""Back"": ""выходные"", ""Hint"": ""v..."", ""example_1_fin"": ""Ihanaa, on <i><b>viikonloppu</b></i> ja minulla ei ole kiire."", ""sound_example_1"": ""[sound:fi_sm1_ex3_33.mp3]"", ""example_1_rus"": ""Хорошо, что <b><i>выходной</i></b> и я (никуда) не спешу."", ""example_2_fin"": """", ""sound_example_2"": """", ""example_2_rus"": """"}"
1649593536420,Young,Finnish::Suomen Mestari 1,2025-06-21 10:12:06,2025-06-26 09:55:47,toissapäivänä,позавчера,"{""Nominatiivi"": ""toissapäivänä"", ""Sound"": ""[sound:fi_sm1_nom_34.mp3]"", ""Back"": ""позавчера"", ""Hint"": ""t..."", ""example_1_fin"": """", ""sound_example_1"": """", ""example_1_rus"": """", ""example_2_fin"": """", ""sound_example_2"": """", ""example_2_rus"": """"}"
1649593536421,Young,Finnish::Suomen Mestari 1,2025-06-21 10:12:09,2025-06-26 09:51:56,eilen,вчера,"{""Nominatiivi"": ""eilen"", ""Sound"": ""[sound:fi_sm1_nom_35.mp3]"", ""Back"": ""вчера"", ""Hint"": ""e..."", ""example_1_fin"": """", ""sound_example_1"": """", ""example_1_rus"": """", ""example_2_fin"": """", ""sound_example_2"": """", ""example_2_rus"": """"}"
1649593536422,Young,Finnish::Suomen Mestari 1,2025-06-21 10:12:11,2025-06-26 09:54:25,tänään,сегодня,"{""Nominatiivi"": ""tänään"", ""Sound"": ""[sound:fi_sm1_nom_36.mp3]"", ""Back"": ""сегодня"", ""Hint"": ""t..."", ""example_1_fin"": ""<b><i>Tänään</i></b> Pedro kirjoittaa Mikkolle sähköpostia."", ""sound_example_1"": ""[sound:fi_sm1_ex3_36.mp3]"", ""example_1_rus"": ""<b><i>Сегодня</i></b> Педро пишет Микке по электронной почте."", ""example_2_fin"": """", ""sound_example_2"": """", ""example_2_rus"": """"}"
1649593536423,Young,Finnish::Suomen Mestari 1,2025-06-21 10:12:18,2025-06-26 09:55:10,huomenna,завтра,"{""Nominatiivi"": ""huomenna"", ""Sound"": ""[sound:fi_sm1_nom_37.mp3]"", ""Back"": ""завтра"", ""Hint"": ""h..."", ""example_1_fin"": ""Nähdään huomenna!"", ""sound_example_1"": ""[sound:fi_sm1_ex3_37.mp3]"", ""example_1_rus"": ""Увидимся завтра!"", ""example_2_fin"": """", ""sound_example_2"": """", ""example_2_rus"": """"}"
1649593536424,Young,Finnish::Suomen Mestari 1,2025-06-21 10:12:43,2025-06-26 09:52:19,ylihuomenna,послезавтра,"{""Nominatiivi"": ""ylihuomenna"", ""Sound"": ""[sound:fi_sm1_nom_38.mp3]"", ""Back"": ""послезавтра"", ""Hint"": ""y..."", ""example_1_fin"": ""Ajamme <b><i>ylihuomenna</i></b> Helsinkiin."", ""sound_example_1"": ""[sound:fi_sm1_ex3_38.mp3]"", ""example_1_rus"": ""<b><i>Завтра</i></b> приезжаем в Хельсинки."", ""example_2_fin"": """", ""sound_example_2"": """", ""example_2_rus"": """"}"
1649593536425,Young,Finnish::Suomen Mestari 1,2025-06-21 10:12:47,2025-06-26 09:53:22,Hyvää viikonloppuna!,Хороших выходных!,"{""Nominatiivi"": ""Hyvää viikonloppuna!"", ""Sound"": ""[sound:fi_sm1_nom_39.mp3]"", ""Back"": ""Хороших выходных!"", ""Hint"": ""h..."", ""example_1_fin"": """", ""sound_example_1"": """", ""example_1_rus"": """", ""example_2_fin"": """", ""sound_example_2"": """", ""example_2_rus"": """"}"
1649593536426,Young,Finnish::Suomen Mestari 1,2025-06-22 10:00:47,2025-06-27 10:08:40,numero,номер,"{""Nominatiivi"": ""numero"", ""Sound"": ""[sound:fi_sm1_nom_40.mp3]"", ""Back"": ""номер"", ""Hint"": ""n..."", ""example_1_fin"": ""Tavallisesti opettaja tulee töihin bussilla <b><i>numero</i></b> 67."", ""sound_example_1"": ""[sound:fi_sm1_ex3_40.mp3]"", ""example_1_rus"": ""Обычно преподаватель едет на работу на автобусе,&nbsp;<b><i>номер</i></b> 67."", ""example_2_fin"": """", ""sound_example_2"": """", ""example_2_rus"": """"}"
1649593536427,Young,Finnish::Suomen Mestari 1,2025-06-22 10:00:58,2025-06-27 10:09:05,nolla,ноль,"{""Nominatiivi"": ""nolla"", ""Sound"": ""[sound:fi_sm1_nom_41.mp3]"", ""Back"": ""ноль"", ""Hint"": ""n..."", ""example_1_fin"": """", ""sound_example_1"": """", ""example_1_rus"": """", ""example_2_fin"": """", ""sound_example_2"": """", ""example_2_rus"": """"}"
1649593536428,Young,Finnish::Suomen Mestari 1,2025-06-22 10:02:27,2025-06-27 10:10:02,yksi,один,"{""Nominatiivi"": ""yksi"", ""Sound"": ""[sound:fi_sm1_nom_42.mp3]"", ""Back"": ""один"", ""Hint"": ""y..."", ""example_1_fin"": ""<b><i>Yksi</i></b> asiakas kysyy, missä ovat kastenkirjat."", ""sound_example_1"": ""[sound:fi_sm1_ex3_42.mp3]"", ""example_1_rus"": ""<b><i>Один</i></b> покупатель спрашивает, где книги для детей."", ""example_2_fin"": """", ""sound_example_2"": """", ""example_2_rus"": """"}"
1649593536429,Young,Finnish::Suomen Mestari 1,2025-06-22 10:02:32,2025-06-27 10:09:23,kaksi,два,"{""Nominatiivi"": ""kaksi"", ""Sound"": ""[sound:fi_sm1_nom_43.mp3]"", ""Back"": ""два"", ""Hint"": ""k..."", ""example_1_fin"": ""Luulen, että kokous on kello <b><i>kaksi</i></b>."", ""sound_example_1"": ""[sound:fi_sm1_ex3_43.mp3]"", ""example_1_rus"": ""Думаю, что собрание в <b><i>два</i></b> часа."", ""example_2_fin"": """", ""sound_example_2"": """", ""example_2_rus"": """"}"
1649593536430,Young,Finnish::Suomen Mestari 1,2025-06-22 10:03:14,2025-06-27 10:03:09,kolme,три,"{""Nominatiivi"": ""kolme"", ""Sound"": ""[sound:fi_sm1_nom_44.mp3]"", ""Back"": ""три"", ""Hint"": ""k..."", ""example_1_fin"": """", ""sound_example_1"": """", ""example_1_rus"": """", ""example_2_fin"": """", ""sound_example_2"": """", ""example_2_rus"": """"}"
1649593536431,Young,Finnish::Suomen Mestari 1,2025-06-22 10:03:41,2025-06-27 10:09:33,neljä,четыре,"{""Nominatiivi"": ""neljä"", ""Sound"": ""[sound:fi_sm1_nom_45.mp3]"", ""Back"": ""четыре"", ""Hint"": ""n..."", ""example_1_fin"": ""Keittiössä on <b><i>neljä</i></b> tuoliä."", ""sound_example_1"": ""[sound:fi_sm1_ex3_45.mp3]"", ""example_1_rus"": ""На кухне <b><i>четыре</i></b> стула."", ""example_2_fin"": """", ""sound_example_2"": """", ""example_2_rus"": """"}"
1649593536432,Young,Finnish::Suomen Mestari 1,2025-06-22 10:03:45,2025-06-26 09:37:27,viisi,пять,"{""Nominatiivi"": ""viisi"", ""Sound"": ""[sound:fi_sm1_nom_46.mp3]"", ""Back"": ""пять"", ""Hint"": ""v..."", ""example_1_fin"": """", ""sound_example_1"": """", ""example_1_rus"": """", ""example_2_fin"": """", ""sound_example_2"": """", ""example_2_rus"": """"}"
1649593536433,Young,Finnish::Suomen Mestari 1,2025-06-22 10:04:09,2025-06-27 10:03:50,kuusi (numero),шесть,"{""Nominatiivi"": ""kuusi (<i>numero</i>)"", ""Sound"": ""[sound:fi_sm1_nom_47.mp3]"", ""Back"": ""шесть"", ""Hint"": ""k..."", ""example_1_fin"": """", ""sound_example_1"": """", ""example_1_rus"": """", ""example_2_fin"": """", ""sound_example_2"": """", ""example_2_rus"": """"}"
1649593536434,Young,Finnish::Suomen Mestari 1,2025-06-22 10:04:36,2025-06-26 09:53:36,seitsemän,семь,"{""Nominatiivi"": ""seitsemän"", ""Sound"": ""[sound:fi_sm1_nom_48.mp3]"", ""Back"": ""семь"", ""Hint"": ""s..."", ""example_1_fin"": """", ""sound_example_1"": """", ""example_1_rus"": """", ""example_2_fin"": """", ""sound_example_2"": """", ""example_2_rus"": """"}"
1649593536435,Young,Finnish::Suomen Mestari 1,2025-06-22 10:04:41,2025-06-27 10:02:48,kahdeksan,восемь,"{""Nominatiivi"": ""kahdeksan"", ""Sound"": ""[sound:fi_sm1_nom_49.mp3]"", ""Back"": ""восемь"", ""Hint"": ""k..."", ""example_1_fin"": ""Olen töissä <b><i>kahdeksan</i></b> tuntia."", ""sound_example_1"": ""[sound:fi_sm1_ex3_49.mp3]"", ""example_1_rus"": ""Я на работе<b><i> восемь</i></b> часов."", ""example_2_fin"": """", ""sound_example_2"": """", ""example_2_rus"": """"}"
1649593536436,Young,Finnish::Suomen Mestari 1,2025-06-23 09:40:15,2025-06-28 10:21:24,yhdeksän,девять,"{""Nominatiivi"": ""yhdeksän"", ""Sound"": ""[sound:fi_sm1_nom_50.mp3]"", ""Back"": ""девять"", ""Hint"": ""y..."", ""example_1_fin"": """", ""sound_example_1"": """", ""example_1_rus"": """", ""example_2_fin"": """", ""sound_example_2"": """", ""example_2_rus"": """"}"
1649593536437,Young,Finnish::Suomen Mestari 1,2025-06-23 09:40:25,2025-06-28 10:19:37,kymmenen,десять,"{""Nominatiivi"": ""kymmenen"", ""Sound"": ""[sound:fi_sm1_nom_51.mp3]"", ""Back"": ""десять"", ""Hint"": ""k..."", ""example_1_fin"": """", ""sound_example_1"": """", ""example_1_rus"": """", ""example_2_fin"": """", ""sound_example_2"": """", ""example_2_rus"": """"}"
1649593536438,Young,Finnish::Suomen Mestari 1,2025-06-23 09:40:31,2025-06-27 10:07:02,yksitoista,одиннадцать,"{""Nominatiivi"": ""yksitoista"", ""Sound"": ""[sound:fi_sm1_nom_52.mp3]"", ""Back"": ""одиннадцать"", ""Hint"": ""y..."", ""example_1_fin"": """", ""sound_example_1"": """", ""example_1_rus"": """", ""example_2_fin"": """", ""sound_example_2"": """", ""example_2_rus"": """"}"
1649593536439,Young,Finnish::Suomen Mestari 1,2025-06-23 09:40:35,2025-06-28 10:19:25,kaksitoista,двенадцать,"{""Nominatiivi"": ""kaksitoista"", ""Sound"": ""[sound:fi_sm1_nom_53.mp3]"", ""Back"": ""двенадцать"", ""Hint"": ""k..."", ""example_1_fin"": """", ""sound_example_1"": """", ""example_1_rus"": """", ""example_2_fin"": """", ""sound_example_2"": """", ""example_2_rus"": """"}"
1649593536440,Young,Finnish::Suomen Mestari 1,2025-06-23 09:40:40,2025-06-27 10:07:42,se,это (когда говорящий не указывает на предмет),"{""Nominatiivi"": ""se"", ""Sound"": ""[sound:fi_sm1_nom_54.mp3]"", ""Back"": ""это (<i>когда говорящий не указывает на предмет</i>)"", ""Hint"": ""s..."", ""example_1_fin"": ""<b><i>Se</i></b> on museo."", ""sound_example_1"": ""[sound:fi_sm1_ex3_54.mp3]"", ""example_1_rus"": ""<b><i>Это</i></b> музей."", ""example_2_fin"": """", ""sound_example_2"": """", ""example_2_rus"": """"}"
1649593536441,Young,Finnish::Suomen Mestari 1,2025-06-23 09:40:57,2025-06-28 10:19:31,te,вы,"{""Nominatiivi"": ""te"", ""Sound"": ""[sound:fi_sm1_nom_55.mp3]"", ""Back"": ""вы"", ""Hint"": ""t..."", ""example_1_fin"": """", ""sound_example_1"": """", ""example_1_rus"": """", ""example_2_fin"": """", ""sound_example_2"": """", ""example_2_rus"": """"}"
1649593536442,Young,Finnish::Suomen Mestari 1,2025-06-23 09:41:07,2025-06-28 10:18:20,puisto,парк,"{""Nominatiivi"": ""puisto"", ""Sound"": ""[sound:fi_sm1_nom_56.mp3]"", ""Back"": ""парк"", ""Hint"": ""p..."", ""example_1_fin"": ""He istuvat <b><i>puisto</i></b>ssa ja puhuvat ja nauravat."", ""sound_example_1"": ""[sound:fi_sm1_ex3_56.mp3]"", ""example_1_rus"": ""Они сидят в <b style=\""font-style: italic;\"">парк</b>е, разговаривают и смеются."", ""example_2_fin"": """", ""sound_example_2"": """", ""example_2_rus"": """"}"
1649593536443,Young,Finnish::Suomen Mestari 1,2025-06-23 09:41:19,2025-06-28 10:19:03,loppua,"кончаться, заканчиваться","{""Nominatiivi"": ""loppua"", ""Sound"": ""[sound:fi_sm1_nom_57.mp3]"", ""Back"": ""кончаться, заканчиваться"", ""Hint"": ""l..."", ""example_1_fin"": ""Työpäivä <b><i>loppua</i></b> kello 17."", ""sound_example_1"": ""[sound:fi_sm1_ex3_57.mp3]"", ""example_1_rus"": ""Рабочий день <b><i>заканчивается</i></b> в 17 часов."", ""example_2_fin"": """", ""sound_example_2"": """", ""example_2_rus"": """"}"
1649593536444,Young,Finnish::Suomen Mestari 1,2025-06-23 09:41:21,2025-06-28 10:17:11,kello (kone),часы,"{""Nominatiivi"": ""kello (<i>kone</i>)"", ""Sound"": ""[sound:fi_sm1_nom_58.mp3]"", ""Back"": ""часы"", ""Hint"": ""k..."", ""example_1_fin"": """", ""sound_example_1"": """", ""example_1_rus"": """", ""example_2_fin"": """", ""sound_example_2"": """", ""example_2_rus"": """"}"
1649593536445,Young,Finnish::Suomen Mestari 1,2025-06-23 09:41:38,2025-06-28 10:19:13,muu,"другой, прочий","{""Nominatiivi"": ""muu"", ""Sound"": ""[sound:fi_sm1_nom_59.mp3]"", ""Back"": ""другой, прочий"", ""Hint"": ""m..."", ""example_1_fin"": ""<b><i>Muu</i></b>t opiskelijat menevät kotiin."", ""sound_example_1"": ""[sound:fi_sm1_ex3_59.mp3]"", ""example_1_rus"": ""<b><i>Другие</i></b> учащиеся идут домой."", ""example_2_fin"": """", ""sound_example_2"": """", ""example_2_rus"": """"}"
1649593536446,Young,Finnish::Suomen Mestari 1,2025-06-24 10:04:15,2025-06-27 10:08:30,opiskelija,студент,"{""Nominatiivi"": ""opiskelija"", ""Sound"": ""[sound:fi_sm1_nom_60.mp3]"", ""Back"": ""студент"", ""Hint"": ""o..."", ""example_1_fin"": ""Mita suomen opettaja sanoo <b><i>opiskelijoille</i></b>?"", ""sound_example_1"": ""[sound:fi_sm1_ex3_60.mp3]"", ""example_1_rus"": ""Что преподаватель финского языка сказал <b><i>студентам</i></b>?"", ""example_2_fin"": """", ""sound_example_2"": """", ""example_2_rus"": """"}"
1649593536447,Young,Finnish::Suomen Mestari 1,2025-06-24 10:04:40,2025-06-29 09:40:08,koti,дом,"{""Nominatiivi"": ""koti"", ""Sound"": ""[sound:fi_sm1_nom_61.mp3]"", ""Back"": ""дом"", ""Hint"": ""k..."", ""example_1_fin"": """", ""sound_example_1"": """", ""example_1_rus"": """", ""example_2_fin"": """", ""sound_example_2"": """", ""example_2_rus"": """"}"
1649593536448,Young,Finnish::Suomen Mestari 1,2025-06-24 10:05:07,2025-06-29 09:40:48,mutta,но,"{""Nominatiivi"": ""mutta"", ""Sound"": ""[sound:fi_sm1_nom_62.mp3]"", ""Back"": ""но"", ""Hint"": ""m..."", ""example_1_fin"": ""Koulu loppu kello 14, <i><b>mutta</b></i> Kalle ei mene heti kotiin."", ""sound_example_1"": ""[sound:fi_sm1_ex3_62.mp3]"", ""example_1_rus"": ""Школа заканчивается в 14, <b><i>но</i></b> Калле не идет домой сразу."", ""example_2_fin"": """", ""sound_example_2"": """", ""example_2_rus"": """"}"
1649593536449,Young,Finnish::Suomen Mestari 1,2025-06-24 10:05:13,2025-06-29 09:42:11,kioski,киоск,"{""Nominatiivi"": ""kioski"", ""Sound"": ""[sound:fi_sm1_nom_63.mp3]"", ""Back"": ""киоск"", ""Hint"": ""k..."", ""example_1_fin"": ""<b><i>Kioskin</i></b>&nbsp;naapurissa asuu Petteri Saranen."", ""sound_example_1"": ""[sound:fi_sm1_ex3_63.mp3]"", ""example_1_rus"": ""По соседству&nbsp;<b><i>с киоском</i></b>&nbsp;живет Петтери Сааранен."", ""example_2_fin"": """", ""sound_example_2"": """", ""example_2_rus"": """"}"
1649593536450,Young,Finnish::Suomen Mestari 1,2025-06-24 10:05:17,2025-06-29 09:41:46,jäätelö,мороженое,"{""Nominatiivi"": ""jäätelö"", ""Sound"": ""[sound:fi_sm1_nom_64.mp3]"", ""Back"": ""мороженое"", ""Hint"": ""j..."", ""example_1_fin"": """", ""sound_example_1"": """", ""example_1_rus"": """", ""example_2_fin"": """", ""sound_example_2"": """", ""example_2_rus"": """"}"
1649593536451,Young,Finnish::Suomen Mestari 1,2025-06-24 10:06:47,2025-06-29 09:41:24,säästää (1),экономить,"{""Nominatiivi"": ""säästää (1)"", ""Sound"": ""[sound:fi_sm1_nom_65.mp3]"", ""Back"": ""экономить"", ""Hint"": """", ""example_1_fin"": """", ""sound_example_1"": """", ""example_1_rus"": """", ""example_2_fin"": """", ""sound_example_2"": """", ""example_2_rus"": """"}"
1649593536452,Young,Finnish::Suomen Mestari 1,2025-06-24 10:07:07,2025-06-29 09:38:44,istua,сидеть,"{""Nominatiivi"": ""istua"", ""Sound"": ""[sound:fi_sm1_nom_66.mp3]"", ""Back"": ""сидеть"", ""Hint"": ""i..."", ""example_1_fin"": ""Ihmiset <b><i>istuvat</i></b> kotona ja katsovat televisiota."", ""sound_example_1"": ""[sound:fi_sm1_ex3_66.mp3]"", ""example_1_rus"": ""Люди <b><i>сидят</i></b> дома и смотрят телевизор."", ""example_2_fin"": ""Kursilla minun täyttyy&nbsp;<b><i>istua</i></b>&nbsp;tuolilla koko päivän."", ""sound_example_2"": ""[sound:fi_sm1_ex5_66.mp3]"", ""example_2_rus"": ""На курсах мне приходится <b><i>сидеть</i></b> на стуле целый день.""}"
1649593536453,Young,Finnish::Suomen Mestari 1,2025-06-24 10:07:19,2025-06-29 09:38:05,puhua (+ partitiivi),говорить,"{""Nominatiivi"": ""puhua (+ <i>partitiivi</i>)"", ""Sound"": ""[sound:fi_sm1_nom_67.mp3]"", ""Back"": ""говорить"", ""Hint"": ""p..."", ""example_1_fin"": ""Päivää. <b><i>Puhutteko</i></b> suomea?"", ""sound_example_1"": ""[sound:fi_sm1_ex3_67.mp3]"", ""example_1_rus"": ""Добрый день. (Вы)&nbsp;<b><i>говорите</i></b> по-фински?"", ""example_2_fin"": """", ""sound_example_2"": """", ""example_2_rus"": """"}"
1649593536454,Young,Finnish::Suomen Mestari 1,2025-06-24 10:07:32,2025-06-28 10:18:51,nauraa,смеяться,"{""Nominatiivi"": ""nauraa"", ""Sound"": ""[sound:fi_sm1_nom_68.mp3]"", ""Back"": ""смеяться"", ""Hint"": ""n..."", ""example_1_fin"": """", ""sound_example_1"": """", ""example_1_rus"": """", ""example_2_fin"": """", ""sound_example_2"": """", ""example_2_rus"": """"}"
1649593536455,Young,Finnish::Suomen Mestari 1,2025-06-24 10:07:43,2025-06-27 10:07:51,minkämaalainen,из какой страны,"{""Nominatiivi"": ""minkämaalainen"", ""Sound"": ""[sound:fi_sm1_nom_69.mp3]"", ""Back"": ""из какой страны"", ""Hint"": ""m..."", ""example_1_fin"": ""<span style=\""font-family: 'Liberation Sans'\""><b><i>Mink</i></b></span><span style=\""font-family: 'Liberation Sans';\""><b><i>ä</i></b></span><span style=\""font-family: 'Liberation Sans'\""><b><i>maalainen</i></b> sina olet?</span>"", ""sound_example_1"": ""[sound:fi_sm1_ex3_69.mp3]"", ""example_1_rus"": ""<span style=\""font-family: Arial\""><b><i>Из какой</i></b> ты <b><i>страны</i></b>?</span>"", ""example_2_fin"": """", ""sound_example_2"": """", ""example_2_rus"": """"}"
1649593536456,Young,Finnish::Suomen Mestari 1,2025-06-26 09:48:50,2025-06-29 09:39:41,brasilialainen (nomini),"бразилец, браильянка","{""Nominatiivi"": ""brasilialainen (<i>nomini</i>)"", ""Sound"": ""[sound:fi_sm1_nom_70.mp3]"", ""Back"": ""бразилец, браильянка"", ""Hint"": ""b..."", ""example_1_fin"": """", ""sound_example_1"": """", ""example_1_rus"": """", ""example_2_fin"": """", ""sound_example_2"": """", ""example_2_rus"": """"}"
1649593536457,Young,Finnish::Suomen Mestari 1,2025-06-26 09:49:36,2025-07-01 09:24:29,venäläinen (nomini),русский,"{""Nominatiivi"": ""venäläinen (<i>nomini</i>)"", ""Sound"": ""[sound:fi_sm1_nom_71.mp3]"", ""Back"": ""русский"", ""Hint"": ""v..."", ""example_1_fin"": """", ""sound_example_1"": """", ""example_1_rus"": """", ""example_2_fin"": """", ""sound_example_2"": """", ""example_2_rus"": """"}"
1649593536458,Young,Finnish::Suomen Mestari 1,2025-06-26 09:50:15,2025-07-01 09:30:06,kotoisin,(быть) родом&nbsp;(откуда-л.),"{""Nominatiivi"": ""kotoisin"", ""Sound"": ""[sound:fi_sm1_nom_72.mp3]"", ""Back"": ""(быть) родом&nbsp;(<i>откуда-л.</i>)"", ""Hint"": ""k..."", ""example_1_fin"": ""Mista sinä olet <b><i>kotoisin</i></b>?"", ""sound_example_1"": ""[sound:fi_sm1_ex3_72.mp3]"", ""example_1_rus"": ""Откуда ты <b><i>родом</i></b>?"", ""example_2_fin"": ""Spagetti on <b><i>kotoisin</i></b> Italiasta."", ""sound_example_2"": ""[sound:fi_sm1_ex5_72.mp3]"", ""example_2_rus"": ""Спагетти <b><i>родом</i></b> из Италии.""}"
1649593536459,Young,Finnish::Suomen Mestari 1,2025-06-26 09:50:32,2025-07-01 09:29:37,Etelä-Afrikka,Южная Африка,"{""Nominatiivi"": ""Etelä-Afrikka"", ""Sound"": ""[sound:fi_sm1_nom_73.mp3]"", ""Back"": ""Южная Африка"", ""Hint"": ""E..."", ""example_1_fin"": """", ""sound_example_1"": """", ""example_1_rus"": """", ""example_2_fin"": """", ""sound_example_2"": """", ""example_2_rus"": """"}"
1649593536460,Young,Finnish::Suomen Mestari 1,2025-06-26 09:50:51,2025-07-01 09:28:02,ai jaa,ах да,"{""Nominatiivi"": ""ai jaa"", ""Sound"": ""[sound:fi_sm1_nom_74.mp3]"", ""Back"": ""ах да"", ""Hint"": ""a..."", ""example_1_fin"": ""- Minä olen kotoisin Etelä-Aftikasta.<div>-&nbsp;<i style=\""font-weight: bold;\"">Ai jaa</i>. Mitä kieltä sinä puhut?</div>"", ""sound_example_1"": ""[sound:fi_sm1_ex3_74.mp3]"", ""example_1_rus"": ""- Я родом из Южной Африки.<div>-&nbsp;<b><i>Ах да</i></b>. На скольких языках ты говоришь?</div>"", ""example_2_fin"": """", ""sound_example_2"": """", ""example_2_rus"": """"}"
1649593536461,Young,Finnish::Suomen Mestari 1,2025-06-26 09:51:14,2025-06-30 08:31:08,kieli,язык,"{""Nominatiivi"": ""kieli"", ""Sound"": ""[sound:fi_sm1_nom_75.mp3]"", ""Back"": ""язык"", ""Hint"": ""k..."", ""example_1_fin"": """", ""sound_example_1"": """", ""example_1_rus"": """", ""example_2_fin"": """", ""sound_example_2"": """", ""example_2_rus"": """"}"
1649593536462,Young,Finnish::Suomen Mestari 1,2025-06-26 09:51:54,2025-06-30 08:27:05,minun,мой,"{""Nominatiivi"": ""minun"", ""Sound"": ""[sound:fi_sm1_nom_76.mp3]"", ""Back"": ""мой"", ""Hint"": ""m..."", ""example_1_fin"": ""<span style=\""font-family: 'Liberation Sans'\""><b><i>Minun</i></b> nimi on Alex.</span>"", ""sound_example_1"": ""[sound:fi_sm1_ex3_76.mp3]"", ""example_1_rus"": ""<b><i>Моё</i></b> имя Алекс."", ""example_2_fin"": """", ""sound_example_2"": """", ""example_2_rus"": """"}"
1649593536463,Young,Finnish::Suomen Mestari 1,2025-06-26 09:52:14,2025-07-01 09:26:00,äidinkieli,родной язык,"{""Nominatiivi"": ""äidinkieli"", ""Sound"": ""[sound:fi_sm1_nom_77.mp3]"", ""Back"": ""родной язык"", ""Hint"": ""ä..."", ""example_1_fin"": ""Mikä on Hannan <b><i>äidinkieli</i></b>?"", ""sound_example_1"": ""[sound:fi_sm1_ex3_77.mp3]"", ""example_1_rus"": ""Какой у Ханны <b><i>родной язык</i></b>?"", ""example_2_fin"": """", ""sound_example_2"": """", ""example_2_rus"": """"}"
1649593536464,Young,Finnish::Suomen Mestari 1,2025-06-27 10:02:44,2025-07-02 10:15:51,englanti,английский,"{""Nominatiivi"": ""englanti"", ""Sound"": ""[sound:fi_sm1_nom_78.mp3]"", ""Back"": ""английский"", ""Hint"": ""e..."", ""example_1_fin"": ""Töissä Alex puhuu <b><i>englantia</i></b> ja suomea."", ""sound_example_1"": ""[sound:fi_sm1_ex3_78.mp3]"", ""example_1_rus"": ""На работе Алекс говорит <b><i>по-английски</i></b> и по-фински."", ""example_2_fin"": """", ""sound_example_2"": """", ""example_2_rus"": """"}"
1649593536465,Young,Finnish::Suomen Mestari 1,2025-06-27 10:02:53,2025-07-02 10:11:22,myös,"также, тоже","{""Nominatiivi"": ""myös"", ""Sound"": ""[sound:fi_sm1_nom_79.mp3]"", ""Back"": ""также, тоже"", ""Hint"": ""m..."", ""example_1_fin"": ""Minun ystävät Olga ja Alex ovat <i><b>my</b></i><span style=\""font-family: 'Liberation Sans'\""><i><b>ös</b></i> kursilla.</span>"", ""sound_example_1"": ""[sound:fi_sm1_ex3_79.mp3]"", ""example_1_rus"": ""Мои друзья Ольга и Алекс <b><i>также</i></b> (занимаются) на курсах."", ""example_2_fin"": """", ""sound_example_2"": """", ""example_2_rus"": """"}"
1649593536466,Young,Finnish::Suomen Mestari 1,2025-06-27 10:03:06,2025-06-30 08:27:01,Espanja,Испания,"{""Nominatiivi"": ""Espanja"", ""Sound"": ""[sound:fi_sm1_nom_80.mp3]"", ""Back"": ""Испания"", ""Hint"": ""E..."", ""example_1_fin"": """", ""sound_example_1"": """", ""example_1_rus"": """", ""example_2_fin"": """", ""sound_example_2"": """", ""example_2_rus"": """"}"
1649593536467,Young,Finnish::Suomen Mestari 1,2025-06-27 10:03:17,2025-07-02 10:14:41,sinun,твой,"{""Nominatiivi"": ""sinun"", ""Sound"": ""[sound:fi_sm1_nom_81.mp3]"", ""Back"": ""твой"", ""Hint"": ""s..."", ""example_1_fin"": ""Täällä ei ole <b><i>sinun</i></b>&nbsp;kokoa."", ""sound_example_1"": ""[sound:fi_sm1_ex3_81.mp3]"", ""example_1_rus"": ""Здесь нет <b><i>твоего</i></b>&nbsp;размера."", ""example_2_fin"": """", ""sound_example_2"": """", ""example_2_rus"": """"}"
1649593536468,Young,Finnish::Suomen Mestari 1,2025-06-27 10:03:31,2025-07-02 10:11:45,portugali,португальский язык,"{""Nominatiivi"": ""portugali"", ""Sound"": ""[sound:fi_sm1_nom_82.mp3]"", ""Back"": ""португальский язык"", ""Hint"": ""p..."", ""example_1_fin"": """", ""sound_example_1"": """", ""example_1_rus"": """", ""example_2_fin"": """", ""sound_example_2"": """", ""example_2_rus"": """"}"
1649593536469,Young,Finnish::Suomen Mestari 1,2025-06-27 10:03:47,2025-07-02 10:10:14,ai niin,ах да,"{""Nominatiivi"": ""ai niin"", ""Sound"": ""[sound:fi_sm1_nom_83.mp3]"", ""Back"": ""ах да"", ""Hint"": ""a..."", ""example_1_fin"": ""- Brasiliassa me puhumme portugalia. -&nbsp;<i style=\""font-weight: bold;\"">Ai niin</i>, tietysti."", ""sound_example_1"": ""[sound:fi_sm1_ex3_83.mp3]"", ""example_1_rus"": ""- В Бразилии мы говорим по-португальски. -&nbsp;<i style=\""font-weight: bold;\"">Ах да</i>, конечно."", ""example_2_fin"": """", ""sound_example_2"": """", ""example_2_rus"": """"}"
1649593536470,Young,Finnish::Suomen Mestari 1,2025-06-27 10:06:08,2025-07-02 10:10:39,tietysti,конечно,"{""Nominatiivi"": ""tietysti"", ""Sound"": ""[sound:fi_sm1_nom_84.mp3]"", ""Back"": ""конечно"", ""Hint"": ""t..."", ""example_1_fin"": ""Juomme <b><i>tietysti</i></b> kahvia ja syömme kakkua."", ""sound_example_1"": ""[sound:fi_sm1_ex3_84.mp3]"", ""example_1_rus"": ""Попьем, <b><i>конечно</i></b>, кофе и поедим торт."", ""example_2_fin"": ""Niin tietysti."", ""sound_example_2"": ""[sound:fi_sm1_ex5_84.mp3]"", ""example_2_rus"": ""Да, конечно.""}"
1649593536471,Young,Finnish::Suomen Mestari 1,2025-06-27 10:06:23,2025-07-02 10:12:32,auto,машина,"{""Nominatiivi"": ""auto"", ""Sound"": ""[sound:fi_sm1_nom_85.mp3]"", ""Back"": ""машина"", ""Hint"": ""a..."", ""example_1_fin"": ""Minä menen <b><i>autolla</i></b>."", ""sound_example_1"": ""[sound:fi_sm1_ex3_85.mp3]"", ""example_1_rus"": ""Я еду <b><i>на машине</i></b>."", ""example_2_fin"": """", ""sound_example_2"": """", ""example_2_rus"": """"}"
1649593536472,Young,Finnish::Suomen Mestari 1,2025-06-27 10:06:36,2025-06-30 08:28:59,bussipysäkki,автобусная остановка,"{""Nominatiivi"": ""bussipysäkki"", ""Sound"": ""[sound:fi_sm1_nom_86.mp3]"", ""Back"": ""автобусная остановка"", ""Hint"": ""b..."", ""example_1_fin"": ""Seison on nyt <b><i>bussipysäkillä</i></b>."", ""sound_example_1"": ""[sound:fi_sm1_ex3_86.mp3]"", ""example_1_rus"": ""Стою сейчас на <b><i>автобусной остановке</i></b>."", ""example_2_fin"": """", ""sound_example_2"": """", ""example_2_rus"": """"}"
1649593536473,Young,Finnish::Suomen Mestari 1,2025-06-27 10:06:58,2025-07-02 10:14:52,missä,где,"{""Nominatiivi"": ""missä"", ""Sound"": ""[sound:fi_sm1_nom_87.mp3]"", ""Back"": ""где"", ""Hint"": ""m..."", ""example_1_fin"": ""<b><i>Missä</i></b> te asutte?"", ""sound_example_1"": ""[sound:fi_sm1_ex3_87.mp3]"", ""example_1_rus"": ""<b><i>Где</i></b> вы живете?"", ""example_2_fin"": """", ""sound_example_2"": """", ""example_2_rus"": """"}"
1649593536474,Young,Finnish::Suomen Mestari 1,2025-06-28 10:17:09,2025-07-03 09:11:41,asua,жить (где-л.),"{""Nominatiivi"": ""asua"", ""Sound"": ""[sound:fi_sm1_nom_88.mp3]"", ""Back"": ""жить (<i>где-л.</i>)"", ""Hint"": ""a..."", ""example_1_fin"": """", ""sound_example_1"": """", ""example_1_rus"": """", ""example_2_fin"": """", ""sound_example_2"": """", ""example_2_rus"": """"}"
1649593536475,Young,Finnish::Suomen Mestari 1,2025-06-28 10:17:12,2025-07-03 09:15:01,nyt,"сейчас, теперь","{""Nominatiivi"": ""nyt"", ""Sound"": ""[sound:fi_sm1_nom_89.mp3]"", ""Back"": ""сейчас, теперь"", ""Hint"": ""n..."", ""example_1_fin"": ""Hän asuu <b><i>nyt</i></b> Sao Paolossa, Brasiliassa."", ""sound_example_1"": ""[sound:fi_sm1_ex3_89.mp3]"", ""example_1_rus"": ""Он живет <b><i>сейчас</i></b> в Сан-Паулу, в Бразилии."", ""example_2_fin"": """", ""sound_example_2"": """", ""example_2_rus"": """"}"
1649593536476,Young,Finnish::Suomen Mestari 1,2025-06-28 10:17:21,2025-07-03 09:14:43,Ranska,Франция,"{""Nominatiivi"": ""Ranska"", ""Sound"": ""[sound:fi_sm1_nom_90.mp3]"", ""Back"": ""Франция"", ""Hint"": ""r..."", ""example_1_fin"": """", ""sound_example_1"": """", ""example_1_rus"": """", ""example_2_fin"": """", ""sound_example_2"": """", ""example_2_rus"": """"}"
1649593536477,Young,Finnish::Suomen Mestari 1,2025-06-28 10:17:39,2025-07-03 09:11:02,Kreikka,Греция,"{""Nominatiivi"": ""Kreikka"", ""Sound"": ""[sound:fi_sm1_nom_91.mp3]"", ""Back"": ""Греция"", ""Hint"": ""k..."", ""example_1_fin"": """", ""sound_example_1"": """", ""example_1_rus"": """", ""example_2_fin"": """", ""sound_example_2"": """", ""example_2_rus"": """"}"
1649593536478,Young,Finnish::Suomen Mestari 1,2025-06-28 10:18:01,2025-07-03 09:09:53,Islanti,Исландия,"{""Nominatiivi"": ""Islanti"", ""Sound"": ""[sound:fi_sm1_nom_92.mp3]"", ""Back"": ""Исландия"", ""Hint"": ""i..."", ""example_1_fin"": """", ""sound_example_1"": """", ""example_1_rus"": """", ""example_2_fin"": """", ""sound_example_2"": """", ""example_2_rus"": """"}"
1649593536479,Young,Finnish::Suomen Mestari 1,2025-06-28 10:18:14,2025-07-03 09:12:49,Venäjä,Россия,"{""Nominatiivi"": ""Venäjä"", ""Sound"": ""[sound:fi_sm1_nom_93.mp3]"", ""Back"": ""Россия"", ""Hint"": ""V..."", ""example_1_fin"": ""Galina on kotoisin Petroskoista, <b><i>Venäjälta</i></b>."", ""sound_example_1"": ""[sound:fi_sm1_ex3_93.mp3]"", ""example_1_rus"": ""Галина родом из Петрозаводска, <b style=\""font-style: italic;\"">(из) России</b>."", ""example_2_fin"": """", ""sound_example_2"": """", ""example_2_rus"": """"}"
1649593536480,Young,Finnish::Suomen Mestari 1,2025-06-28 10:18:24,2025-07-03 09:10:09,Egypti,Египет,"{""Nominatiivi"": ""Egypti"", ""Sound"": ""[sound:fi_sm1_nom_94.mp3]"", ""Back"": ""Египет"", ""Hint"": ""E..."", ""example_1_fin"": """", ""sound_example_1"": """", ""example_1_rus"": """", ""example_2_fin"": """", ""sound_example_2"": """", ""example_2_rus"": """"}"
1649593536481,Young,Finnish::Suomen Mestari 1,2025-06-28 10:18:48,2025-07-01 09:24:17,pohjoinen,север,"{""Nominatiivi"": ""pohjoinen"", ""Sound"": ""[sound:fi_sm1_nom_95.mp3]"", ""Back"": ""север"", ""Hint"": ""p..."", ""example_1_fin"": """", ""sound_example_1"": """", ""example_1_rus"": """", ""example_2_fin"": """", ""sound_example_2"": """", ""example_2_rus"": """"}"
1649593536482,Young,Finnish::Suomen Mestari 1,2025-06-28 10:18:55,2025-07-03 09:11:56,länsi,запад,"{""Nominatiivi"": ""länsi"", ""Sound"": ""[sound:fi_sm1_nom_96.mp3]"", ""Back"": ""запад"", ""Hint"": ""l..."", ""example_1_fin"": """", ""sound_example_1"": """", ""example_1_rus"": """", ""example_2_fin"": """", ""sound_example_2"": """", ""example_2_rus"": """"}"
1649593536483,Young,Finnish::Suomen Mestari 1,2025-06-28 10:19:07,2025-07-03 09:10:36,etelä,юг,"{""Nominatiivi"": ""etelä"", ""Sound"": ""[sound:fi_sm1_nom_97.mp3]"", ""Back"": ""юг"", ""Hint"": ""e..."", ""example_1_fin"": ""Tuula ja Lauri Mäkelä suunnittelevat matkaa <b><i>etelään</i></b>."", ""sound_example_1"": ""[sound:fi_sm1_ex3_97.mp3]"", ""example_1_rus"": ""Туула и Лаури Мякеля планируют поездку <b><i>на юг</i></b>."", ""example_2_fin"": """", ""sound_example_2"": """", ""example_2_rus"": """"}"
1649593536484,Young,Finnish::Suomen Mestari 1,2025-06-29 09:37:38,2025-06-29 09:42:24,itä,восток,"{""Nominatiivi"": ""itä"", ""Sound"": ""[sound:fi_sm1_nom_98.mp3]"", ""Back"": ""восток"", ""Hint"": ""i..."", ""example_1_fin"": """", ""sound_example_1"": """", ""example_1_rus"": """", ""example_2_fin"": """", ""sound_example_2"": """", ""example_2_rus"": """"}"
1649593536485,Young,Finnish::Suomen Mestari 1,2025-06-29 09:37:44,2025-06-29 09:37:44,Pohjois-Amerikka,Северная Америка,"{""Nominatiivi"": ""Pohjois-Amerikka"", ""Sound"": ""[sound:fi_sm1_nom_99.mp3]"", ""Back"": ""Северная Америка"", ""Hint"": ""p..."", ""example_1_fin"": """", ""sound_example_1"": """", ""example_1_rus"": """", ""example_2_fin"": """", ""sound_example_2"": """", ""example_2_rus"": """"}"
1649593536486,Young,Finnish::Suomen Mestari 1,2025-06-29 09:37:53,2025-06-29 09:37:53,Etelä-Amerikka,Южная Америка,"{""Nominatiivi"": ""Etelä-Amerikka"", ""Sound"": ""[sound:fi_sm1_nom_100.mp3]"", ""Back"": ""Южная Америка"", ""Hint"": ""E..."", ""example_1_fin"": """", ""sound_example_1"": """", ""example_1_rus"": """", ""example_2_fin"": """", ""sound_example_2"": """", ""example_2_rus"": """"}"
1649593536487,Young,Finnish::Suomen Mestari 1,2025-06-29 09:38:08,2025-06-29 09:38:08,Afrikka,Африка,"{""Nominatiivi"": ""Afrikka"", ""Sound"": ""[sound:fi_sm1_nom_101.mp3]"", ""Back"": ""Африка"", ""Hint"": ""A..."", ""example_1_fin"": """", ""sound_example_1"": """", ""example_1_rus"": """", ""example_2_fin"": """", ""sound_example_2"": """", ""example_2_rus"": """"}"
1649593536488,Young,Finnish::Suomen Mestari 1,2025-06-29 09:38:21,2025-06-29 09:38:21,Eurooppa,Европа,"{""Nominatiivi"": ""Eurooppa"", ""Sound"": ""[sound:fi_sm1_nom_102.mp3]"", ""Back"": ""Европа"", ""Hint"": ""E..."", ""example_1_fin"": """", ""sound_example_1"": """", ""example_1_rus"": """", ""example_2_fin"": """", ""sound_example_2"": """", ""example_2_rus"": """"}"
1649593536489,Young,Finnish::Suomen Mestari 1,2025-06-29 09:38:34,2025-07-03 09:14:14,Aasia,Азия,"{""Nominatiivi"": ""Aasia"", ""Sound"": ""[sound:fi_sm1_nom_103.mp3]"", ""Back"": ""Азия"", ""Hint"": ""A..."", ""example_1_fin"": """", ""sound_example_1"": """", ""example_1_rus"": """", ""example_2_fin"": """", ""sound_example_2"": """", ""example_2_rus"": """"}"
1649593536490,Young,Finnish::Suomen Mestari 1,2025-06-29 09:38:46,2025-06-29 09:38:46,Australia,Австралия,"{""Nominatiivi"": ""Australia"", ""Sound"": ""[sound:fi_sm1_nom_104.mp3]"", ""Back"": ""Австралия"", ""Hint"": ""a..."", ""example_1_fin"": """", ""sound_example_1"": """", ""example_1_rus"": """", ""example_2_fin"": """", ""sound_example_2"": """", ""example_2_rus"": """"}"
1649593536491,Young,Finnish::Suomen Mestari 1,2025-06-29 09:39:09,2025-06-29 09:42:22,Pohjoisnapa,северный полюс,"{""Nominatiivi"": ""Pohjoisnapa"", ""Sound"": ""[sound:fi_sm1_nom_105.mp3]"", ""Back"": ""северный полюс"", ""Hint"": ""p..."", ""example_1_fin"": """", ""sound_example_1"": """", ""example_1_rus"": """", ""example_2_fin"": """", ""sound_example_2"": """", ""example_2_rus"": """"}"
1649593536492,Young,Finnish::Suomen Mestari 1,2025-06-29 09:39:36,2025-07-02 10:12:19,Etelämanner,Антарктида,"{""Nominatiivi"": ""Etelämanner"", ""Sound"": ""[sound:fi_sm1_nom_106.mp3]"", ""Back"": ""Антарктида"", ""Hint"": ""E..."", ""example_1_fin"": """", ""sound_example_1"": """", ""example_1_rus"": """", ""example_2_fin"": """", ""sound_example_2"": """", ""example_2_rus"": """"}"
1649593536493,Young,Finnish::Suomen Mestari 1,2025-06-29 09:39:51,2025-07-02 10:11:38,pallo,"мяч, шар","{""Nominatiivi"": ""pallo"", ""Sound"": ""[sound:fi_sm1_nom_107.mp3]"", ""Back"": ""мяч, шар"", ""Hint"": ""p..."", ""example_1_fin"": ""Missä <b><i>pallo</i></b> on? Se on tuolla lattialla."", ""sound_example_1"": ""[sound:fi_sm1_ex3_107.mp3]"", ""example_1_rus"": ""Где <b><i>мяч</i></b>? Он там, на полу."", ""example_2_fin"": """", ""sound_example_2"": """", ""example_2_rus"": """"}"
1649593536494,Young,Finnish::Suomen Mestari 1,2025-06-30 08:25:28,2025-07-03 09:15:24,haluaisin,Я бы хотел...,"{""Nominatiivi"": ""haluaisin"", ""Sound"": ""[sound:fi_sm1_nom_108.mp3]"", ""Back"": ""Я бы хотел..."", ""Hint"": ""h..."", ""example_1_fin"": ""Kalle ei tiedä, mitä hän&nbsp;<b><i>haluaisi</i></b>&nbsp;tehdä viikonloppuna."", ""sound_example_1"": ""[sound:fi_sm1_ex3_108.mp3]"", ""example_1_rus"": ""Калле не знает, чем он <b><i>хотел бы</i></b> заняться на выходных."", ""example_2_fin"": """", ""sound_example_2"": """", ""example_2_rus"": """"}"
1649593536495,Young,Finnish::Suomen Mestari 1,2025-06-30 08:26:09,2025-06-30 08:34:28,suklaa,шоколад,"{""Nominatiivi"": ""suklaa"", ""Sound"": ""[sound:fi_sm1_nom_109.mp3]"", ""Back"": ""шоколад"", ""Hint"": ""s..."", ""example_1_fin"": ""Lauantaina he kayvät&nbsp;kioskilla&nbsp;ja ostavat <b><i>suklaata</i></b>."", ""sound_example_1"": ""[sound:fi_sm1_ex3_109.mp3]"", ""example_1_rus"": ""В субботу они идут&nbsp;в киоск&nbsp;и покупают <b><i>шоколад</i></b>."", ""example_2_fin"": """", ""sound_example_2"": """", ""example_2_rus"": """"}"
1649593536496,Young,Finnish::Suomen Mestari 1,2025-06-30 08:27:02,2025-06-30 08:27:02,okei,окей,"{""Nominatiivi"": ""okei"", ""Sound"": ""[sound:fi_sm1_nom_110.mp3]"", ""Back"": ""окей"", ""Hint"": ""o..."", ""example_1_fin"": """", ""sound_example_1"": """", ""example_1_rus"": """", ""example_2_fin"": """", ""sound_example_2"": """", ""example_2_rus"": """"}"
1649593536497,Young,Finnish::Suomen Mestari 1,2025-06-30 08:27:06,2025-06-30 08:27:06,sinulle,тебе,"{""Nominatiivi"": ""sinulle"", ""Sound"": ""[sound:fi_sm1_nom_111.mp3]"", ""Back"": ""тебе"", ""Hint"": ""s..."", ""example_1_fin"": ""Kiitos kirjeestä. Vastaan <b><i>sinulle</i></b> pian."", ""sound_example_1"": ""[sound:fi_sm1_ex3_111.mp3]"", ""example_1_rus"": ""Спасибо за письмо. Отвечаю <b><i>тебе</i></b> сразу."", ""example_2_fin"": """", ""sound_example_2"": """", ""example_2_rus"": """"}"
1649593536498,Young,Finnish::Suomen Mestari 1,2025-06-30 08:27:12,2025-06-30 08:27:12,vanilja,ваниль,"{""Nominatiivi"": ""vanilja"", ""Sound"": ""[sound:fi_sm1_nom_112.mp3]"", ""Back"": ""ваниль"", ""Hint"": ""v..."", ""example_1_fin"": """", ""sound_example_1"": """", ""example_1_rus"": """", ""example_2_fin"": """", ""sound_example_2"": """", ""example_2_rus"": """"}"
1649593536499,Young,Finnish::Suomen Mestari 1,2025-06-30 08:27:22,2025-07-03 09:17:16,mansikka,"клубника, земляника","{""Nominatiivi"": ""mansikka"", ""Sound"": ""[sound:fi_sm1_nom_113.mp3]"", ""Back"": ""клубника, земляника"", ""Hint"": ""m..."", ""example_1_fin"": ""Ostan maanviljelijältä <b><i>mansikoita</i></b>."", ""sound_example_1"": ""[sound:fi_sm1_ex3_113.mp3]"", ""example_1_rus"": ""Покупаю у фермера <b><i>клубнику</i></b>."", ""example_2_fin"": """", ""sound_example_2"": """", ""example_2_rus"": """"}"
1649593536500,Young,Finnish::Suomen Mestari 1,2025-06-30 08:27:31,2025-06-30 08:27:31,selvä,ясно,"{""Nominatiivi"": ""selvä"", ""Sound"": ""[sound:fi_sm1_nom_114.mp3]"", ""Back"": ""ясно"", ""Hint"": ""s..."", ""example_1_fin"": ""- Minä ottaisin kahvia. - <b><i>Selvä</i></b>, kiitos.&nbsp;"", ""sound_example_1"": ""[sound:fi_sm1_ex3_114.mp3]"", ""example_1_rus"": ""- Я хотел бы взять кофе. - <b><i>Ясно</i></b>, спасибо."", ""example_2_fin"": ""Ahaa,&nbsp;<b><i>selva</i></b>&nbsp;juttu!"", ""sound_example_2"": ""[sound:fi_sm1_ex5_114.mp3]"", ""example_2_rus"": ""Ага,&nbsp;<b><i>обычное</i></b>&nbsp;дело!""}"
1649593536501,Young,Finnish::Suomen Mestari 1,2025-06-30 08:28:05,2025-06-30 08:34:13,Tuleeko muuta?,Хотите еще что-нибудь?,"{""Nominatiivi"": ""Tuleeko muuta?"", ""Sound"": ""[sound:fi_sm1_nom_115.mp3]"", ""Back"": ""Хотите еще что-нибудь?"", ""Hint"": ""T..."", ""example_1_fin"": """", ""sound_example_1"": """", ""example_1_rus"": """", ""example_2_fin"": """", ""sound_example_2"": """", ""example_2_rus"": """"}"
1649593536502,Young,Finnish::Suomen Mestari 1,2025-06-30 08:28:17,2025-06-30 08:28:17,tässä,"вот, здесь","{""Nominatiivi"": ""tässä"", ""Sound"": ""[sound:fi_sm1_nom_116.mp3]"", ""Back"": ""вот, здесь"", ""Hint"": ""t..."", ""example_1_fin"": ""<b><i>Tässä</i></b> on kivat punaiset kengät."", ""sound_example_1"": ""[sound:fi_sm1_ex3_116.mp3]"", ""example_1_rus"": ""<b><i>Вот</i></b>&nbsp;симпатичные красные туфли."", ""example_2_fin"": """", ""sound_example_2"": """", ""example_2_rus"": """"}"
1649593536503,Young,Finnish::Suomen Mestari 1,2025-06-30 08:28:28,2025-06-30 08:28:28,sentti,цент,"{""Nominatiivi"": ""sentti"", ""Sound"": ""[sound:fi_sm1_nom_117.mp3]"", ""Back"": ""цент"", ""Hint"": ""s..."", ""example_1_fin"": """", ""sound_example_1"": """", ""example_1_rus"": """", ""example_2_fin"": """", ""sound_example_2"": """", ""example_2_rus"": """"}"
1649593536504,Young,Finnish::Suomen Mestari 1,2025-07-01 09:22:46,2025-07-01 09:28:46,kolikko,монета,"{""Nominatiivi"": ""kolikko"", ""Sound"": ""[sound:fi_sm1_nom_118.mp3]"", ""Back"": ""монета"", ""Hint"": ""k..."", ""example_1_fin"": """", ""sound_example_1"": """", ""example_1_rus"": """", ""example_2_fin"": """", ""sound_example_2"": """", ""example_2_rus"": """"}"
1649593536505,Young,Finnish::Suomen Mestari 1,2025-07-01 09:23:12,2025-07-01 09:23:12,halpa,дешевый,"{""Nominatiivi"": ""halpa"", ""Sound"": ""[sound:fi_sm1_nom_119.mp3]"", ""Back"": ""дешевый"", ""Hint"": ""h..."", ""example_1_fin"": ""Me syömme usein <b><i>halvassa</i></b> ravintolassa."", ""sound_example_1"": ""[sound:fi_sm1_ex3_119.mp3]"", ""example_1_rus"": ""Мы часто едим <b><i>в дешевом</i></b> ресторане."", ""example_2_fin"": ""Tuossa vaatekaupassa on <b><i>halvat</i></b> hinnat."", ""sound_example_2"": ""[sound:fi_sm1_ex5_119.mp3]"", ""example_2_rus"": ""В том магазине одежды <b><i>дешевые</i></b> цены.""}"
1649593536506,Young,Finnish::Suomen Mestari 1,2025-07-01 09:23:30,2025-07-01 09:29:21,kallis,дорогой (о вещах),"{""Nominatiivi"": ""kallis"", ""Sound"": ""[sound:fi_sm1_nom_120.mp3]"", ""Back"": ""дорогой (<i>о вещах</i>)"", ""Hint"": ""k..."", ""example_1_fin"": ""Ruoka on <b><i>kallista</i></b>. Hinnat nousevat koko ajan."", ""sound_example_1"": ""[sound:fi_sm1_ex3_120.mp3]"", ""example_1_rus"": ""Еда <b><i>дорогая</i></b>. Цены постоянно&nbsp;поднимаются."", ""example_2_fin"": """", ""sound_example_2"": """", ""example_2_rus"": """"}"
1649593536507,Young,Finnish::Suomen Mestari 1,2025-07-01 09:24:03,2025-07-01 09:24:03,kysyä,спрашивать,"{""Nominatiivi"": ""kysyä"", ""Sound"": ""[sound:fi_sm1_nom_121.mp3]"", ""Back"": ""спрашивать"", ""Hint"": ""k..."", ""example_1_fin"": ""Miksi Alex <b><i>kysyy</i></b>, onko hotelli auki yöllä?"", ""sound_example_1"": ""[sound:fi_sm1_ex3_121.mp3]"", ""example_1_rus"": ""Почему Алекс <b><i>спрашивает</i></b>, открыт ли отель ночью?"", ""example_2_fin"": """", ""sound_example_2"": """", ""example_2_rus"": """"}"
1649593536508,Young,Finnish::Suomen Mestari 1,2025-07-01 09:24:24,2025-07-01 09:24:24,kuka,кто,"{""Nominatiivi"": ""kuka"", ""Sound"": ""[sound:fi_sm1_nom_122.mp3]"", ""Back"": ""кто"", ""Hint"": ""k..."", ""example_1_fin"": ""<span style=\""font-family: 'Liberation Sans'\""><b><i>Kuka</i></b> sinä olet?</span>"", ""sound_example_1"": ""[sound:fi_sm1_ex3_122.mp3]"", ""example_1_rus"": ""<b><i>Кто</i></b> ты такой?"", ""example_2_fin"": """", ""sound_example_2"": """", ""example_2_rus"": """"}"
1649593536509,Young,Finnish::Suomen Mestari 1,2025-07-01 09:24:49,2025-07-01 09:24:49,kuinka,как,"{""Nominatiivi"": ""kuinka"", ""Sound"": ""[sound:fi_sm1_nom_123.mp3]"", ""Back"": ""как"", ""Hint"": ""k..."", ""example_1_fin"": ""<b><i>Kuinka</i></b> monta astetta ulkona on?"", ""sound_example_1"": ""[sound:fi_sm1_ex3_123.mp3]"", ""example_1_rus"": ""Сколько (<b><i>как</i></b> много) градусов на улице?"", ""example_2_fin"": """", ""sound_example_2"": """", ""example_2_rus"": """"}"
1649593536510,Young,Finnish::Suomen Mestari 1,2025-07-01 09:25:05,2025-07-01 09:25:05,milloin,когда,"{""Nominatiivi"": ""milloin"", ""Sound"": ""[sound:fi_sm1_nom_124.mp3]"", ""Back"": ""когда"", ""Hint"": ""m..."", ""example_1_fin"": ""<b><i>Milloin</i></b> kurssi on? - Kurssi on maanantaina ja keskiviikkona."", ""sound_example_1"": ""[sound:fi_sm1_ex3_124.mp3]"", ""example_1_rus"": ""<b><i>Когда</i></b> курсы? - Курсы по понедельникам и средам."", ""example_2_fin"": """", ""sound_example_2"": """", ""example_2_rus"": """"}"
1649593536511,Young,Finnish::Suomen Mestari 1,2025-07-01 09:25:18,2025-07-01 09:25:18,miksi,почему,"{""Nominatiivi"": ""miksi"", ""Sound"": ""[sound:fi_sm1_nom_125.mp3]"", ""Back"": ""почему"", ""Hint"": ""m..."", ""example_1_fin"": ""<b><i>Miksi</i></b> et osta jäätelöä?"", ""sound_example_1"": ""[sound:fi_sm1_ex3_125.mp3]"", ""example_1_rus"": ""<b><i>Почему</i></b> (ты) не покупаешь мороженое?"", ""example_2_fin"": """", ""sound_example_2"": """", ""example_2_rus"": """"}"
1649593536512,Young,Finnish::Suomen Mestari 1,2025-07-01 09:25:31,2025-07-01 09:25:31,mistä,откуда,"{""Nominatiivi"": ""mistä"", ""Sound"": ""[sound:fi_sm1_nom_126.mp3]"", ""Back"": ""откуда"", ""Hint"": ""m..."", ""example_1_fin"": ""<b><i>Mistä</i></b> sinä olet kotoisin?"", ""sound_example_1"": ""[sound:fi_sm1_ex3_126.mp3]"", ""example_1_rus"": ""<b><i>Откуда</i></b> ты родом?"", ""example_2_fin"": """", ""sound_example_2"": """", ""example_2_rus"": """"}"
1649593536513,Young,Finnish::Suomen Mestari 1,2025-07-01 09:25:46,2025-07-01 09:30:44,mihin,куда,"{""Nominatiivi"": ""mihin"", ""Sound"": ""[sound:fi_sm1_nom_127.mp3]"", ""Back"": ""куда"", ""Hint"": ""m..."", ""example_1_fin"": ""<b><i>Mihin </i></b>tämä bussi menee?"", ""sound_example_1"": ""[sound:fi_sm1_ex3_127.mp3]"", ""example_1_rus"": ""<b><i>Куда</i></b> едет этот автобус?"", ""example_2_fin"": """", ""sound_example_2"": """", ""example_2_rus"": """"}"
1649593536514,Young,Finnish::Suomen Mestari 1,2025-07-02 10:07:29,2025-07-02 10:07:29,millainen,какой,"{""Nominatiivi"": ""millainen"", ""Sound"": ""[sound:fi_sm1_nom_128.mp3]"", ""Back"": ""какой"", ""Hint"": ""m..."", ""example_1_fin"": ""<b><i>Millainen</i></b> ilma t<span style=\""font-family: 'Liberation Sans'\"">ä</span>n<span style=\""font-family: 'Liberation Sans';\"">ä</span>än on?"", ""sound_example_1"": ""[sound:fi_sm1_ex3_128.mp3]"", ""example_1_rus"": ""<b><i>Какая</i></b> сегодня погода?"", ""example_2_fin"": """", ""sound_example_2"": """", ""example_2_rus"": """"}"
1649593536515,Young,Finnish::Suomen Mestari 1,2025-07-02 10:09:21,2025-07-02 10:09:21,sähköposti,электронная почта,"{""Nominatiivi"": ""sähköposti"", ""Sound"": ""[sound:fi_sm1_nom_129.mp3]"", ""Back"": ""электронная почта"", ""Hint"": ""s..."", ""example_1_fin"": ""Hanna, minä kirjoitan Mikolle <b><i>sähköpostia</i></b> suomeksi."", ""sound_example_1"": ""[sound:fi_sm1_ex3_129.mp3]"", ""example_1_rus"": ""Ханна, я пишу Микко по <b><i>электронной почте</i></b> по-фински."", ""example_2_fin"": """", ""sound_example_2"": """", ""example_2_rus"": """"}"
1649593536516,Young,Finnish::Suomen Mestari 1,2025-07-02 10:09:50,2025-07-02 10:09:50,mies (partneri),муж,"{""Nominatiivi"": ""mies (<i>partneri</i>)"", ""Sound"": ""[sound:fi_sm1_nom_130.mp3]"", ""Back"": ""муж"", ""Hint"": ""m..."", ""example_1_fin"": ""Minulla on hyvä joululahjaidea&nbsp;minun <b><i>miehelle</i></b>."", ""sound_example_1"": ""[sound:fi_sm1_ex3_130.mp3]"", ""example_1_rus"": ""У меня есть хорошая&nbsp;идея&nbsp;рождественского подарка моему <b><i>мужу</i></b>."", ""example_2_fin"": """", ""sound_example_2"": """", ""example_2_rus"": """"}"
1649593536517,Young,Finnish::Suomen Mestari 1,2025-07-02 10:10:10,2025-07-02 10:10:10,hyvä,хороший,"{""Nominatiivi"": ""hyvä"", ""Sound"": ""[sound:fi_sm1_nom_131.mp3]"", ""Back"": ""хороший"", ""Hint"": ""h..."", ""example_1_fin"": ""Mikko on Pedron <b><i>hyvä</i></b> ystävä."", ""sound_example_1"": ""[sound:fi_sm1_ex3_131.mp3]"", ""example_1_rus"": ""Микко - <b><i>хороший</i></b> друг Педро."", ""example_2_fin"": """", ""sound_example_2"": """", ""example_2_rus"": """"}"
1649593536518,Young,Finnish::Suomen Mestari 1,2025-07-02 10:10:28,2025-07-02 10:10:28,ystävä,друг,"{""Nominatiivi"": ""ystävä"", ""Sound"": ""[sound:fi_sm1_nom_132.mp3]"", ""Back"": ""друг"", ""Hint"": ""y..."", ""example_1_fin"": ""Minun <b><i>ystävä</i></b> Niina matkustaa viikonloppuna Oluun."", ""sound_example_1"": ""[sound:fi_sm1_ex3_132.mp3]"", ""example_1_rus"": ""Моя <b><i>подруга</i></b> Ниина на выходных поедет в Оулу."", ""example_2_fin"": """", ""sound_example_2"": """", ""example_2_rus"": """"}"
1649593536519,Young,Finnish::Suomen Mestari 1,2025-07-02 10:10:45,2025-07-02 10:10:45,kirjoittaa,писать (что-л.),"{""Nominatiivi"": ""kirjoittaa"", ""Sound"": ""[sound:fi_sm1_nom_133.mp3]"", ""Back"": ""пис<b><i>а</i></b>ть (<i>что-л.</i>)"", ""Hint"": ""k..."", ""example_1_fin"": ""Me <b><i>kirjoittamme</i></b> sähköpostia."", ""sound_example_1"": ""[sound:fi_sm1_ex3_133.mp3]"", ""example_1_rus"": ""Мы <b><i>пишем</i></b> по электронной почте."", ""example_2_fin"": ""Mirka&nbsp;<b><i>kirjoittaa</i></b>&nbsp;tekstin."", ""sound_example_2"": ""[sound:fi_sm1_ex5_133.mp3]"", ""example_2_rus"": ""Мирка&nbsp;<b><i>пишет</i></b>&nbsp;текст.""}"
1649593536520,Young,Finnish::Suomen Mestari 1,2025-07-02 10:11:04,2025-07-02 10:19:04,lähettäjä,отправитель,"{""Nominatiivi"": ""lähettäjä"", ""Sound"": ""[sound:fi_sm1_nom_134.mp3]"", ""Back"": ""отправитель"", ""Hint"": ""l..."", ""example_1_fin"": """", ""sound_example_1"": """", ""example_1_rus"": """", ""example_2_fin"": """", ""sound_example_2"": """", ""example_2_rus"": """"}"
1649593536521,Young,Finnish::Suomen Mestari 1,2025-07-02 10:11:29,2025-07-03 09:17:01,vastaanottaja,получатель,"{""Nominatiivi"": ""vastaanottaja"", ""Sound"": ""[sound:fi_sm1_nom_135.mp3]"", ""Back"": ""получатель"", ""Hint"": ""v..."", ""example_1_fin"": """", ""sound_example_1"": """", ""example_1_rus"": """", ""example_2_fin"": """", ""sound_example_2"": """", ""example_2_rus"": """"}"
1649593536522,Young,Finnish::Suomen Mestari 1,2025-07-02 10:12:15,2025-07-02 10:21:32,otsikko,"заглавие,&nbsp;тема (сообщения электронной почты)","{""Nominatiivi"": ""otsikko"", ""Sound"": ""[sound:fi_sm1_nom_136.mp3]"", ""Back"": ""заглавие,&nbsp;тема (<i>сообщения электронной почты</i>)"", ""Hint"": ""o..."", ""example_1_fin"": ""Pedron sähköpostin <b><i>otsikko</i></b> on \""Terveisiä Helsingistä!\"""", ""sound_example_1"": ""[sound:fi_sm1_ex3_136.mp3]"", ""example_1_rus"": ""<b><i>Заглавие</i></b> сообщения электронной почты Педро - \""Привет из Хельсинки!\"""", ""example_2_fin"": """", ""sound_example_2"": """", ""example_2_rus"": """"}"
1649593536523,Young,Finnish::Suomen Mestari 1,2025-07-02 10:12:29,2025-07-02 10:21:18,terveisiä,привет (кому-л.),"{""Nominatiivi"": ""terveisiä"", ""Sound"": ""[sound:fi_sm1_nom_137.mp3]"", ""Back"": ""привет (<i>кому-л.</i>)"", ""Hint"": ""t..."", ""example_1_fin"": """", ""sound_example_1"": """", ""example_1_rus"": """", ""example_2_fin"": """", ""sound_example_2"": """", ""example_2_rus"": """"}"
1649593536524,Young,Finnish::Suomen Mestari 1,2025-07-03 09:09:51,2025-07-03 09:09:51,englanniksi,по-английски,"{""Nominatiivi"": ""englanniksi"", ""Sound"": ""[sound:fi_sm1_nom_138.mp3]"", ""Back"": ""по-английски"", ""Hint"": ""e..."", ""example_1_fin"": ""Tänään minä en kirjoita sinulle <b><i>englanniksi</i></b>&nbsp;vaan&nbsp;suomeksi."", ""sound_example_1"": ""[sound:fi_sm1_ex3_138.mp3]"", ""example_1_rus"": ""Сегодня я пишу тебе не <b><i>по-английски</i></b>,&nbsp;а&nbsp;по-фински."", ""example_2_fin"": """", ""sound_example_2"": """", ""example_2_rus"": """"}"
1649593536525,Young,Finnish::Suomen Mestari 1,2025-07-03 09:10:07,2025-07-03 09:10:07,suomeksi,по-фински,"{""Nominatiivi"": ""suomeksi"", ""Sound"": ""[sound:fi_sm1_nom_139.mp3]"", ""Back"": ""по-фински"", ""Hint"": ""s..."", ""example_1_fin"": """", ""sound_example_1"": """", ""example_1_rus"": """", ""example_2_fin"": """", ""sound_example_2"": """", ""example_2_rus"": """"}"
1649593536526,Young,Finnish::Suomen Mestari 1,2025-07-03 09:10:22,2025-07-03 09:18:20,toivottavasti,"надеюсь, что...","{""Nominatiivi"": ""toivottavasti"", ""Sound"": ""[sound:fi_sm1_nom_140.mp3]"", ""Back"": ""надеюсь, что..."", ""Hint"": ""t..."", ""example_1_fin"": ""<b><i>Toivottavasti</i></b> sinä ymmärrät, mitä minä kirjoitan."", ""sound_example_1"": ""[sound:fi_sm1_ex3_140.mp3]"", ""example_1_rus"": ""<b><i>Надеюсь, что</i></b>&nbsp;ты&nbsp;понимаешь, что я пишу."", ""example_2_fin"": """", ""sound_example_2"": """", ""example_2_rus"": """"}"
1649593536527,Young,Finnish::Suomen Mestari 1,2025-07-03 09:10:56,2025-07-03 09:10:56,ymmärtää (+ partitiivi),понимать,"{""Nominatiivi"": ""ymmärtää (+ <i>partitiivi</i>)"", ""Sound"": ""[sound:fi_sm1_nom_141.mp3]"", ""Back"": ""понимать"", ""Hint"": ""y..."", ""example_1_fin"": ""Toivottavasti sin<span style=\""font-family: 'Liberation Sans'\"">ä <b><i>ymm</i></b></span><span style=\""font-family: 'Liberation Sans';\""><b><i>ärr</i></b></span><span style=\""font-family: 'Liberation Sans';\""><b><i>ä</i></b>t, mit</span><span style=\""font-family: 'Liberation Sans';\"">ä min</span><span style=\""font-family: 'Liberation Sans';\"">ä kirjoitan!</span>"", ""sound_example_1"": ""[sound:fi_sm1_ex3_141.mp3]"", ""example_1_rus"": ""Надеюсь, ты <b><i>понимаешь</i></b>, что я пишу."", ""example_2_fin"": """", ""sound_example_2"": """", ""example_2_rus"": """"}"
1649593536528,Young,Finnish::Suomen Mestari 1,2025-07-03 09:11:39,2025-07-03 09:17:20,hassu,забавно,"{""Nominatiivi"": ""hassu"", ""Sound"": ""[sound:fi_sm1_nom_142.mp3]"", ""Back"": ""забавно"", ""Hint"": ""h..."", ""example_1_fin"": ""On <b><i>hassua</i></b>,&nbsp;etta&nbsp;minä asun nyt Suomessa ja sinä asut Brasiliassa."", ""sound_example_1"": ""[sound:fi_sm1_ex3_142.mp3]"", ""example_1_rus"": ""<b><i>Забавно</i></b>,&nbsp;что&nbsp;я живу сейчас в Финляндии и ты живешь в Бразилии."", ""example_2_fin"": """", ""sound_example_2"": """", ""example_2_rus"": """"}"
1649593536529,Young,Finnish::Suomen Mestari 1,2025-07-03 09:11:47,2025-07-03 09:11:47,maanantaisin,по понедельникам,"{""Nominatiivi"": ""maanantaisin"", ""Sound"": ""[sound:fi_sm1_nom_143.mp3]"", ""Back"": ""по понедельникам"", ""Hint"": ""m..."", ""example_1_fin"": ""Minä käyn uimahallissa vain <b><i>maanantaisin</i></b> ja torstaisin."", ""sound_example_1"": ""[sound:fi_sm1_ex3_143.mp3]"", ""example_1_rus"": ""Я хожу в бассейн только <b><i>по понедельникам</i></b> и четвергам."", ""example_2_fin"": """", ""sound_example_2"": """", ""example_2_rus"": """"}"
1649593536530,Young,Finnish::Suomen Mestari 1,2025-07-03 09:12:00,2025-07-03 09:12:00,keskiviikkoisin,по средам,"{""Nominatiivi"": ""keskiviikkoisin"", ""Sound"": ""[sound:fi_sm1_nom_144.mp3]"", ""Back"": ""по средам"", ""Hint"": ""k..."", ""example_1_fin"": """", ""sound_example_1"": """", ""example_1_rus"": """", ""example_2_fin"": """", ""sound_example_2"": """", ""example_2_rus"": """"}"
1649593536531,Young,Finnish::Suomen Mestari 1,2025-07-03 09:12:15,2025-07-03 09:12:15,torstaisin,по четвергам,"{""Nominatiivi"": ""torstaisin"", ""Sound"": ""[sound:fi_sm1_nom_145.mp3]"", ""Back"": ""по четвергам"", ""Hint"": ""t..."", ""example_1_fin"": """", ""sound_example_1"": """", ""example_1_rus"": """", ""example_2_fin"": """", ""sound_example_2"": """", ""example_2_rus"": """"}"
1649593536532,Young,Finnish::Suomen Mestari 1,2025-07-03 09:12:38,2025-07-03 09:12:38,meidän,наш,"{""Nominatiivi"": ""meidän"", ""Sound"": ""[sound:fi_sm1_nom_146.mp3]"", ""Back"": ""наш"", ""Hint"": ""m..."", ""example_1_fin"": ""Sinä olet <b><i>meidän</i></b> uusi&nbsp;naapuri."", ""sound_example_1"": ""[sound:fi_sm1_ex3_146.mp3]"", ""example_1_rus"": ""Ты <b><i>наш</i></b> новый&nbsp;сосед."", ""example_2_fin"": """", ""sound_example_2"": """", ""example_2_rus"": """"}"
1649593536533,Young,Finnish::Suomen Mestari 1,2025-07-03 09:12:53,2025-07-03 09:12:53,lukea,читать,"{""Nominatiivi"": ""lukea"", ""Sound"": ""[sound:fi_sm1_nom_147.mp3]"", ""Back"": ""читать"", ""Hint"": ""l..."", ""example_1_fin"": ""He eivät <b><i>lukee</i></b> paljon."", ""sound_example_1"": ""[sound:fi_sm1_ex3_147.mp3]"", ""example_1_rus"": ""Они не <b><i>читают</i></b> много."", ""example_2_fin"": """", ""sound_example_2"": """", ""example_2_rus"": """"}"
1689079590695,Learning,Finnish::Phrases,2025-06-17 17:16:48,2025-06-29 09:48:14,toisinaan,время от времени,"{""Suomi"": ""toisinaan"", ""Sound"": """", ""Explanation"": """", ""Russian"": ""время от времени"", ""Additional"": """", ""Image"": """", ""Example"": """"}"
1694437996578,Young,Finnish::Phrases,2025-06-16 17:50:21,2025-06-17 17:33:37,vakuuttaa,"убеждать, убедить","{""Suomi"": ""vakuuttaa"", ""Sound"": """", ""Explanation"": """", ""Russian"": ""убеждать, убедить"", ""Additional"": """", ""Image"": """", ""Example"": """"}"
1694438825983,Learning,Finnish::Phrases,2025-06-17 17:30:54,2025-06-17 17:34:49,Varoitan sinua polttaamasta liikaa.,Предупреждаю тебя не курить слишком много.,"{""Suomi"": ""Varoitan sinua polttaamasta liikaa."", ""Sound"": """", ""Explanation"": """", ""Russian"": ""Предупреждаю тебя не курить слишком много."", ""Additional"": """", ""Image"": """", ""Example"": """"}"
1697110604568,Relearning,Finnish::Words,2025-06-17 09:02:29,2025-07-03 09:31:18,hyttysenpisto,укус комара,"{""Suomi"": ""hyttysenpisto"", ""Sound"": """", ""Explanation"": """", ""Russian"": ""укус комара"", ""Additional"": """", ""Image"": """", ""Example"": """"}"
1697110704812,Young,Finnish::Words,2025-06-17 12:12:49,2025-06-18 16:46:34,omakotitaloalue,район частных домов,"{""Suomi"": ""omakotitaloalue"", ""Sound"": """", ""Explanation"": """", ""Russian"": ""район частных домов"", ""Additional"": """", ""Image"": """", ""Example"": """"}"
1697110722770,Relearning,Finnish::Words,2025-06-17 12:39:11,2025-07-03 09:38:55,koulutehtävä,школьное задание,"{""Suomi"": ""koulutehtävä"", ""Sound"": """", ""Explanation"": """", ""Russian"": ""школьное задание"", ""Additional"": """", ""Image"": """", ""Example"": """"}"
1697110740405,Young,Finnish::Words,2025-06-18 12:09:21,2025-06-22 21:26:12,valtio-oppi,политология,"{""Suomi"": ""valtio-oppi"", ""Sound"": """", ""Explanation"": ""valtio (nation or state) + oppi (science)"", ""Russian"": ""политология"", ""Additional"": """", ""Image"": """", ""Example"": ""Opiskelen valtio-oppia yliopistossa""}"
1697110758356,Young,Finnish::Words,2025-06-18 15:39:57,2025-06-18 17:34:14,itsestäänselvyys,само собой разумеющееся,"{""Suomi"": ""itsestäänselvyys"", ""Sound"": """", ""Explanation"": """", ""Russian"": ""само собой разумеющееся"", ""Additional"": """", ""Image"": """", ""Example"": """"}"
1697110768224,Young,Finnish::Words,2025-06-18 16:44:56,2025-07-03 09:26:14,irtisanoutua,увольняться,"{""Suomi"": ""irtisanoutua"", ""Sound"": """", ""Explanation"": ""irtisanoa (to dismiss/terminate) + -utua (ending for self)"", ""Russian"": ""увольняться"", ""Additional"": """", ""Image"": """", ""Example"": ""Irtisanouduin, koska sain uuden työpaikan""}"
1697110779016,Relearning,Finnish::Words,2025-06-18 16:48:25,2025-07-03 09:29:51,vapaaehtoistyö,волонтёрство,"{""Suomi"": ""vapaaehtoistyö"", ""Sound"": """", ""Explanation"": ""vapaaehtoinen (voluntary) + työ (work)"", ""Russian"": ""волонтёрство"", ""Additional"": """", ""Image"": """", ""Example"": """"}"
1697110790528,Relearning,Finnish::Words,2025-06-18 16:58:53,2025-07-03 09:26:57,ullakkokomero,чердак,"{""Suomi"": ""ullakkokomero"", ""Sound"": """", ""Explanation"": ""ullakko (attic) + komero (closet)"", ""Russian"": ""чердак"", ""Additional"": """", ""Image"": """", ""Example"": ""Muista lokita ullakkokomero lähtiessäsi""}"
1697110828982,Young,Finnish::Words,2025-06-18 17:37:33,2025-06-19 18:50:54,työpaikkailmoitus,объявление о вакансии,"{""Suomi"": ""työpaikkailmoitus"", ""Sound"": """", ""Explanation"": ""työ (job) + paikka (place) + ilmoitus (notice)"", ""Russian"": ""объявление о вакансии"", ""Additional"": """", ""Image"": """", ""Example"": ""Luin mielenkiintoisen työpaikkailmoituksen netissä""}"
1697110871845,Young,Finnish::Words,2025-06-18 17:38:05,2025-06-19 18:46:01,valittu,"избранный, выбранный","{""Suomi"": ""valittu"", ""Sound"": """", ""Explanation"": """", ""Russian"": ""избранный, выбранный"", ""Additional"": """", ""Image"": """", ""Example"": ""Hän on valittu tehtävään""}"
1697110927847,Learning,Finnish::Words,2025-06-19 20:43:14,2025-07-03 09:40:09,suhtautuminen,отношение,"{""Suomi"": ""suhtautuminen"", ""Sound"": """", ""Explanation"": """", ""Russian"": ""отношение"", ""Additional"": """", ""Image"": """", ""Example"": ""Tarvitsemme avoimemman suhtautumisen uusin ideoihin""}"
1697110945560,Young,Finnish::Words,2025-06-19 20:43:56,2025-06-22 21:02:05,sissi,партизан,"{""Suomi"": ""sissi"", ""Sound"": """", ""Explanation"": """", ""Russian"": ""партизан"", ""Additional"": """", ""Image"": """", ""Example"": """"}"
1697110957346,Young,Finnish::Words,2025-06-19 20:45:49,2025-06-23 09:53:16,sademetsä,тропический лес,"{""Suomi"": ""sademetsä"", ""Sound"": """", ""Explanation"": """", ""Russian"": ""тропический лес"", ""Additional"": """", ""Image"": """", ""Example"": """"}"
1697110971761,Young,Finnish::Words,2025-06-19 20:46:18,2025-06-22 21:01:10,kolmekymppinen,тридцатилетний,"{""Suomi"": ""kolmekymppinen"", ""Sound"": """", ""Explanation"": """", ""Russian"": ""тридцатилетний"", ""Additional"": """", ""Image"": """", ""Example"": """"}"
1697110991497,Young,Finnish::Words,2025-06-19 20:46:47,2025-06-22 21:01:36,lehmänlanta,коровий навоз,"{""Suomi"": ""lehmänlanta"", ""Sound"": """", ""Explanation"": """", ""Russian"": ""коровий навоз"", ""Additional"": """", ""Image"": """", ""Example"": """"}"
1697111002928,Young,Finnish::Words,2025-06-19 20:48:30,2025-06-22 21:24:00,peltikatto,железная крыша,"{""Suomi"": ""peltikatto"", ""Sound"": """", ""Explanation"": """", ""Russian"": ""железная крыша"", ""Additional"": """", ""Image"": """", ""Example"": """"}"
1697111027569,Learning,Finnish::Words,2025-06-22 21:07:31,2025-07-03 09:39:14,liitutaulu,доска для мела,"{""Suomi"": ""liitutaulu"", ""Sound"": """", ""Explanation"": """", ""Russian"": ""доска для мела"", ""Additional"": """", ""Image"": """", ""Example"": """"}"
1697111055019,Learning,Finnish::Words,2025-06-22 21:08:29,2025-07-03 09:29:11,vesijohto,водопровод,"{""Suomi"": ""vesijohto"", ""Sound"": """", ""Explanation"": """", ""Russian"": ""водопровод"", ""Additional"": """", ""Image"": """", ""Example"": """"}"
1697111066972,Young,Finnish::Words,2025-06-22 21:10:35,2025-06-28 10:31:18,tärkeys,важность,"{""Suomi"": ""tärkeys"", ""Sound"": """", ""Explanation"": """", ""Russian"": ""важность"", ""Additional"": """", ""Image"": """", ""Example"": """"}"
1697111076849,Learning,Finnish::Words,2025-06-22 21:11:44,2025-07-03 09:39:39,haittavaikutus,побочный эффект,"{""Suomi"": ""haittavaikutus"", ""Sound"": """", ""Explanation"": """", ""Russian"": ""побочный эффект"", ""Additional"": """", ""Image"": """", ""Example"": """"}"
1697111089597,Young,Finnish::Words,2025-06-22 21:22:34,2025-07-03 09:27:57,statussymboli,статусный символ,"{""Suomi"": ""statussymboli"", ""Sound"": """", ""Explanation"": """", ""Russian"": ""статусный символ"", ""Additional"": """", ""Image"": """", ""Example"": """"}"
1697111100301,Learning,Finnish::Words,2025-06-22 21:25:33,2025-07-03 09:33:49,koulunkäyntiaste,уровень образования,"{""Suomi"": ""koulunkäyntiaste"", ""Sound"": """", ""Explanation"": """", ""Russian"": ""уровень образования"", ""Additional"": """", ""Image"": """", ""Example"": """"}"
1697111114539,Learning,Finnish::Words,2025-06-22 21:26:53,2025-07-03 09:35:21,epätasa-arvo,неравенство,"{""Suomi"": ""epätasa-arvo"", ""Sound"": """", ""Explanation"": """", ""Russian"": ""неравенство"", ""Additional"": """", ""Image"": """", ""Example"": """"}"
1697111412423,Learning,Finnish::Words,2025-07-03 09:30:40,2025-07-03 09:37:52,palkitseva,вознаграждающий,"{""Suomi"": ""palkitseva"", ""Sound"": """", ""Explanation"": """", ""Russian"": ""вознаграждающий"", ""Additional"": """", ""Image"": """", ""Example"": """"}"
1698325401995,Learning,Finnish::Words,2025-07-03 09:38:26,2025-07-03 09:38:26,saituri,"скряга, скупец","{""Suomi"": ""saituri"", ""Sound"": """", ""Explanation"": """", ""Russian"": ""скряга, скупец"", ""Additional"": """", ""Image"": """", ""Example"": """"}"
1699280351919,Young,Finnish::Phrases,2025-06-16 17:50:43,2025-06-17 17:15:20,Minun onnistui saada hyvä työpaikka,Мне удалось найти хорошую работу.,"{""Suomi"": ""Minun onnistui saada hyvä työpaikka"", ""Sound"": """", ""Explanation"": """", ""Russian"": ""Мне удалось найти хорошую работу."", ""Additional"": """", ""Image"": """", ""Example"": """"}"
1699280382464,Learning,Finnish::Phrases,2025-06-17 17:22:20,2025-06-29 09:47:47,Minä onnistuin saamaan hyvän työpaikan.,1,"{""Suomi"": ""Minä onnistuin saamaan hyvän työpaikan."", ""Sound"": """", ""Explanation"": """", ""Russian"": ""1"", ""Additional"": """", ""Image"": """", ""Example"": """"}"
1699280961385,Learning,Finnish::Words,2025-07-03 09:34:14,2025-07-03 09:38:09,tarrautua,to grip tightly/ to cling,"{""Suomi"": ""tarrautua"", ""Sound"": """", ""Explanation"": """", ""Russian"": ""to grip tightly/ to cling"", ""Additional"": """", ""Image"": """", ""Example"": """"}"
1700489927257,Learning,Finnish::Phrases,2025-06-17 17:16:40,2025-06-17 17:32:15,yöllinen,ночной,"{""Suomi"": ""yöllinen"", ""Sound"": """", ""Explanation"": """", ""Russian"": ""ночной"", ""Additional"": """", ""Image"": """", ""Example"": """"}"
1750771729233,Young,Finnish::Suomen Mestari 1,2025-06-26 09:36:49,2025-06-30 08:27:25,t-paita,t-paita,"{""Front"": ""<img src=\""Pasted image 20250624105246.png\"">"", ""Back"": ""t-paita"", ""Sound"": ""[sound:t-paita.mp3]""}"
1750771755559,Young,Finnish::Suomen Mestari 1,2025-06-26 09:37:23,2025-07-01 09:25:11,paita,paita,"{""Front"": ""<img src=\""Pasted image 20250624105715.png\"">"", ""Back"": ""paita"", ""Sound"": ""[sound:paita-2d4437d1e7b3ab4b55b9faa747ed025c38bbd146.mp3]""}"
1750771779041,Young,Finnish::Suomen Mestari 1,2025-06-26 09:38:06,2025-06-30 08:31:36,villapusero,villapusero,"{""Front"": ""<img src=\""Pasted image 20250624105733.png\"">"", ""Back"": ""villapusero"", ""Sound"": ""[sound:villapusero-a85bb95575101fa5fbcbdde7e736fca93492380c.mp3]""}"
1750771788311,Young,Finnish::Suomen Mestari 1,2025-06-26 09:38:42,2025-07-01 09:26:03,takki,takki,"{""Front"": ""<img src=\""Pasted image 20250624105755.png\"">"", ""Back"": ""takki"", ""Sound"": ""[sound:takki-882312da92c9536687cb328369513fc579d025ba.mp3]""}"
1750771802713,Young,Finnish::Suomen Mestari 1,2025-06-26 09:39:33,2025-06-30 08:27:18,housut,housut,"{""Front"": ""<img src=\""Pasted image 20250624105809.png\"">"", ""Back"": ""housut"", ""Sound"": ""[sound:housut-af5c6c4e02bac50eb0068085ddd5b1f324f9472d.mp3]""}"
1750771818571,Young,Finnish::Vaatteet,2025-06-26 10:16:27,2025-06-30 08:36:20,farkut,farkut,"{""Front"": ""<img src=\""Pasted image 20250624105822.png\"">"", ""Back"": ""farkut"", ""Sound"": ""[sound:farkut-77c85c7df52c3298e322ff00c55dc6052cf6274b.mp3]""}"
1750771830752,Young,Finnish::Vaatteet,2025-06-26 10:16:30,2025-06-29 09:45:52,hame,hame,"{""Front"": ""<img src=\""Pasted image 20250624105838.png\"">"", ""Back"": ""hame"", ""Sound"": ""[sound:hame-54c410e336d5b69221cd575ef4b62c044e73e0e5.mp3]""}"
1750771840984,Young,Finnish::Vaatteet,2025-06-26 10:16:34,2025-06-30 08:35:16,mekko,mekko,"{""Front"": ""<img src=\""Pasted image 20250624105852.png\"">"", ""Back"": ""mekko"", ""Sound"": ""[sound:mekko-85827c8fdb6b25c7434c0bfe819df1b96463341a.mp3]""}"
1750771852762,Young,Finnish::Vaatteet,2025-06-26 10:16:36,2025-06-29 09:46:45,puku,puku,"{""Front"": ""<img src=\""Pasted image 20250624105913.png\"">"", ""Back"": ""puku"", ""Sound"": ""[sound:puku-5480b8a103b60171956ff115753dbb11823ccceb.mp3]""}"
1750771871973,Young,Finnish::Vaatteet,2025-06-26 10:16:38,2025-06-29 09:45:48,uimapuku,uimapuku,"{""Front"": ""<img src=\""Pasted image 20250624105926.png\"">"", ""Back"": ""uimapuku"", ""Sound"": ""[sound:uimapuku-27b6a78ff28700648ba8598a00ff43e515b4ace5.mp3]""}"
1750771885443,Young,Finnish::Vaatteet,2025-06-26 10:16:43,2025-07-01 09:32:12,uimahousut,uimahousut,"{""Front"": ""<img src=\""Pasted image 20250624105938.png\"">"", ""Back"": ""uimahousut"", ""Sound"": ""[sound:uimahousut-658aebd4bccd5db1d6ecebcef9f454718bc8ce27.mp3]""}"
1750771896583,Young,Finnish::Vaatteet,2025-06-26 10:16:47,2025-07-02 10:24:23,sukat,sukat,"{""Front"": ""<img src=\""Pasted image 20250624105952.png\"">"", ""Back"": ""sukat"", ""Sound"": ""[sound:sukat.mp3]""}"
1750771907664,Young,Finnish::Vaatteet,2025-06-26 10:16:49,2025-06-30 08:36:31,shorsit,shorsit,"{""Front"": ""<img src=\""Pasted image 20250624110006.png\"">"", ""Back"": ""shorsit"", ""Sound"": ""[sound:shorsit.mp3]""}"
1750772153107,Young,Finnish::Vaatteet,2025-06-24 16:39:28,2025-06-28 10:24:50,kengät,kengät,"{""Front"": ""<img src=\""Pasted image 20250624110021.png\"">"", ""Back"": ""kengät"", ""Sound"": ""[sound:kengät-c5d20605b742b451c0272ad35d0f4b6013b0caff.mp3]""}"
1750772163608,Young,Finnish::Vaatteet,2025-06-24 16:39:41,2025-06-29 09:45:34,saappaat,saappaat,"{""Front"": ""<img src=\""Pasted image 20250624110044.png\"">"", ""Back"": ""saappaat"", ""Sound"": ""[sound:saappaat-c058374eb3c399c6e86662f6b66e580d41cf4426.mp3]""}"
1750772178486,Young,Finnish::Vaatteet,2025-06-24 16:39:50,2025-06-28 10:24:39,lenkkarit,lenkkarit,"{""Front"": ""<img src=\""Pasted image 20250624110057.png\"">"", ""Back"": ""lenkkarit"", ""Sound"": ""[sound:lenkkarit.mp3]""}"
1750772236003,Young,Finnish::Vaatteet,2025-06-24 16:39:55,2025-06-30 08:35:56,alusvaatteet,alusvaatteet,"{""Front"": ""<img src=\""Pasted image 20250624110114.png\"">"", ""Back"": ""alusvaatteet"", ""Sound"": ""[sound:alusvaatteet.mp3]""}"
1750772259724,Young,Finnish::Vaatteet,2025-06-24 16:40:07,2025-07-01 09:33:15,alupaita ja alushousut,alupaita ja alushousut,"{""Front"": ""<img src=\""Pasted image 20250624110149.png\"">"", ""Back"": ""alupaita ja alushousut"", ""Sound"": ""[sound:alupaita ja alushousut.mp3]""}"
1750772269143,Young,Finnish::Vaatteet,2025-06-24 16:40:16,2025-06-30 08:35:45,huivi,huivi,"{""Front"": ""<img src=\""Pasted image 20250624110204.png\"">"", ""Back"": ""huivi"", ""Sound"": ""[sound:huivi-fe7dbc3babd35b62170f77e41a952ede8750652a.mp3]""}"
1750772281249,Young,Finnish::Vaatteet,2025-06-24 16:40:19,2025-06-28 10:25:42,pipo,pipo,"{""Front"": ""<img src=\""Pasted image 20250624110217.png\"">"", ""Back"": ""pipo"", ""Sound"": ""[sound:pipo-13999451d6d2ddf98cbe6498a5e925fa8d92b01d.mp3]""}"
1750772294850,Young,Finnish::Vaatteet,2025-06-24 16:40:23,2025-06-30 08:36:41,käsineet,käsineet,"{""Front"": ""<img src=\""Pasted image 20250624110235.png\"">"", ""Back"": ""käsineet"", ""Sound"": ""[sound:käsineet-2c6c9c19b093e2428e62faa5666d623b7187b11d.mp3]""}"
1750772308251,Young,Finnish::Vaatteet,2025-06-24 16:40:29,2025-06-30 08:35:09,solmio,solmio,"{""Front"": ""<img src=\""Pasted image 20250624110248.png\"">"", ""Back"": ""solmio"", ""Sound"": ""[sound:solmio-b185d45eb54387eac771c65f4f42c12fd8c5cc5b.mp3]""}"
1750772317086,Young,Finnish::Vaatteet,2025-06-24 16:40:33,2025-06-29 09:45:29,vyö,vyö,"{""Front"": ""<img src=\""Pasted image 20250624110305.png\"">"", ""Back"": ""vyö"", ""Sound"": ""[sound:vyö-f361234f3321d633feb8414b015ed214d198d3bd.mp3]""}"
1750772327002,Young,Finnish::Vaatteet,2025-06-24 16:40:43,2025-06-30 08:35:35,kaulaliina,kaulaliina,"{""Front"": ""<img src=\""Pasted image 20250624110321.png\"">"", ""Back"": ""kaulaliina"", ""Sound"": ""[sound:kaulaliina-5f59d7ecaafe3f8fb42ddb9679fa774bde84e4dc.mp3]""}"
1750772345091,Young,Finnish::Vaatteet,2025-06-24 16:40:52,2025-06-30 08:36:27,sateenvarjo,sateenvarjo,"{""Front"": ""<img src=\""Pasted image 20250624110335.png\"">"", ""Back"": ""sateenvarjo"", ""Sound"": ""[sound:sateenvarjo-bc56b3d33eadca83a12a0d1dedddc2feebfff600.mp3]""}"
